home_team,away_team,home_score,away_score,date,season
Athletic Club,Barcelona,1.0,0.0,2019-08-16,2020
Celta Vigo,Real Madrid,1.0,3.0,2019-08-17,2020
Valencia,Real Sociedad,1.0,1.0,2019-08-17,2020
Atlético Madrid,Getafe,1.0,0.0,2019-08-18,2020
Atlético Madrid,Getafe,1.0,0.0,2019-08-18,2020
Granada,Sevilla,0.0,1.0,2019-08-23,2020
Celta Vigo,Valencia,1.0,0.0,2019-08-24,2020
Getafe,Athletic Club,1.0,1.0,2019-08-24,2020
Mallorca,Real Sociedad,0.0,1.0,2019-08-25,2020
Barcelona,Betis,5.0,2.0,2019-08-25,2020
Barcelona,Betis,5.0,2.0,2019-08-25,2020
Sevilla,Celta Vigo,1.0,1.0,2019-08-30,2020
Athletic Club,Real Sociedad,2.0,0.0,2019-08-30,2020
Getafe,Alavés,1.0,1.0,2019-08-31,2020
Osasuna,Barcelona,2.0,2.0,2019-08-31,2020
Getafe,Alavés,1.0,1.0,2019-08-31,2020
Valencia,Mallorca,2.0,0.0,2019-09-01,2020
Mallorca,Athletic Club,0.0,0.0,2019-09-13,2020
Real Sociedad,Atlético Madrid,2.0,0.0,2019-09-14,2020
Barcelona,Valencia,5.0,2.0,2019-09-14,2020
Real Sociedad,Atlético Madrid,2.0,0.0,2019-09-14,2020
Betis,Getafe,1.0,1.0,2019-09-15,2020
Celta Vigo,Granada,0.0,2.0,2019-09-15,2020
Alavés,Sevilla,0.0,1.0,2019-09-15,2020
Betis,Getafe,1.0,1.0,2019-09-15,2020
Alavés,Sevilla,0.0,1.0,2019-09-15,2020
Osasuna,Betis,0.0,0.0,2019-09-20,2020
Osasuna,Betis,0.0,0.0,2019-09-20,2020
Atlético Madrid,Celta Vigo,0.0,0.0,2019-09-21,2020
Atlético Madrid,Celta Vigo,0.0,0.0,2019-09-21,2020
Granada,Barcelona,2.0,0.0,2019-09-21,2020
Sevilla,Real Madrid,0.0,1.0,2019-09-22,2020
Getafe,Mallorca,4.0,2.0,2019-09-22,2020
Athletic Club,Alavés,2.0,0.0,2019-09-22,2020
Athletic Club,Alavés,2.0,0.0,2019-09-22,2020
Mallorca,Atlético Madrid,0.0,2.0,2019-09-25,2020
Real Madrid,Osasuna,2.0,0.0,2019-09-25,2020
Valencia,Getafe,3.0,3.0,2019-09-25,2020
Mallorca,Atlético Madrid,0.0,2.0,2019-09-25,2020
Real Sociedad,Alavés,3.0,0.0,2019-09-26,2020
Real Sociedad,Alavés,3.0,0.0,2019-09-26,2020
Atlético Madrid,Real Madrid,0.0,0.0,2019-09-28,2020
Atlético Madrid,Real Madrid,0.0,0.0,2019-09-28,2020
Getafe,Barcelona,0.0,2.0,2019-09-28,2020
Athletic Club,Valencia,0.0,1.0,2019-09-28,2020
Alavés,Mallorca,2.0,0.0,2019-09-29,2020
Sevilla,Real Sociedad,3.0,2.0,2019-09-29,2020
Alavés,Mallorca,2.0,0.0,2019-09-29,2020
Valencia,Alavés,2.0,1.0,2019-10-05,2020
Real Madrid,Granada,4.0,2.0,2019-10-05,2020
Valencia,Alavés,2.0,1.0,2019-10-05,2020
Real Sociedad,Getafe,1.0,2.0,2019-10-06,2020
Barcelona,Sevilla,4.0,0.0,2019-10-06,2020
Celta Vigo,Athletic Club,1.0,0.0,2019-10-06,2020
Granada,Osasuna,1.0,0.0,2019-10-18,2020
Mallorca,Real Madrid,1.0,0.0,2019-10-19,2020
Atlético Madrid,Valencia,1.0,1.0,2019-10-19,2020
Atlético Madrid,Valencia,1.0,1.0,2019-10-19,2020
Alavés,Celta Vigo,2.0,0.0,2019-10-20,2020
Real Sociedad,Betis,3.0,1.0,2019-10-20,2020
Alavés,Celta Vigo,2.0,0.0,2019-10-20,2020
Real Sociedad,Betis,3.0,1.0,2019-10-20,2020
Atlético Madrid,Athletic Club,2.0,0.0,2019-10-26,2020
Atlético Madrid,Athletic Club,2.0,0.0,2019-10-26,2020
Granada,Betis,1.0,0.0,2019-10-27,2020
Celta Vigo,Real Sociedad,0.0,1.0,2019-10-27,2020
Osasuna,Valencia,3.0,1.0,2019-10-27,2020
Sevilla,Getafe,2.0,0.0,2019-10-27,2020
Granada,Betis,1.0,0.0,2019-10-27,2020
Alavés,Atlético Madrid,1.0,1.0,2019-10-29,2020
Alavés,Atlético Madrid,1.0,1.0,2019-10-29,2020
Betis,Celta Vigo,2.0,1.0,2019-10-30,2020
Betis,Celta Vigo,2.0,1.0,2019-10-30,2020
Valencia,Sevilla,1.0,1.0,2019-10-30,2020
Getafe,Granada,3.0,1.0,2019-10-31,2020
Mallorca,Osasuna,2.0,2.0,2019-10-31,2020
Real Madrid,Betis,0.0,0.0,2019-11-02,2020
Real Madrid,Betis,0.0,0.0,2019-11-02,2020
Sevilla,Atlético Madrid,1.0,1.0,2019-11-02,2020
Sevilla,Atlético Madrid,1.0,1.0,2019-11-02,2020
Granada,Real Sociedad,1.0,2.0,2019-11-03,2020
Osasuna,Alavés,4.0,2.0,2019-11-03,2020
Celta Vigo,Getafe,0.0,1.0,2019-11-03,2020
Osasuna,Alavés,4.0,2.0,2019-11-03,2020
Barcelona,Celta Vigo,4.0,1.0,2019-11-09,2020
Valencia,Granada,2.0,0.0,2019-11-09,2020
Getafe,Osasuna,0.0,0.0,2019-11-10,2020
Betis,Sevilla,1.0,2.0,2019-11-10,2020
Betis,Sevilla,1.0,2.0,2019-11-10,2020
Granada,Atlético Madrid,1.0,1.0,2019-11-23,2020
Real Madrid,Real Sociedad,3.0,1.0,2019-11-23,2020
Granada,Atlético Madrid,1.0,1.0,2019-11-23,2020
Betis,Valencia,2.0,1.0,2019-11-23,2020
Betis,Valencia,2.0,1.0,2019-11-23,2020
Osasuna,Athletic Club,1.0,2.0,2019-11-24,2020
Mallorca,Betis,1.0,2.0,2019-11-30,2020
Alavés,Real Madrid,1.0,2.0,2019-11-30,2020
Mallorca,Betis,1.0,2.0,2019-11-30,2020
Alavés,Real Madrid,1.0,2.0,2019-11-30,2020
Atlético Madrid,Barcelona,0.0,1.0,2019-12-01,2020
Athletic Club,Granada,2.0,0.0,2019-12-01,2020
Atlético Madrid,Barcelona,0.0,1.0,2019-12-01,2020
Barcelona,Mallorca,5.0,2.0,2019-12-07,2020
Granada,Alavés,3.0,0.0,2019-12-07,2020
Granada,Alavés,3.0,0.0,2019-12-07,2020
Osasuna,Sevilla,1.0,1.0,2019-12-08,2020
Betis,Athletic Club,3.0,2.0,2019-12-08,2020
Betis,Athletic Club,3.0,2.0,2019-12-08,2020
Real Sociedad,Barcelona,2.0,2.0,2019-12-14,2020
Atlético Madrid,Osasuna,2.0,0.0,2019-12-14,2020
Atlético Madrid,Osasuna,2.0,0.0,2019-12-14,2020
Valencia,Real Madrid,1.0,1.0,2019-12-15,2020
Celta Vigo,Mallorca,2.0,2.0,2019-12-15,2020
Barcelona,Real Madrid,0.0,0.0,2019-12-18,2020
Mallorca,Sevilla,0.0,2.0,2019-12-21,2020
Barcelona,Alavés,4.0,1.0,2019-12-21,2020
Barcelona,Alavés,4.0,1.0,2019-12-21,2020
Betis,Atlético Madrid,1.0,2.0,2019-12-22,2020
Real Madrid,Athletic Club,0.0,0.0,2019-12-22,2020
Osasuna,Real Sociedad,3.0,4.0,2019-12-22,2020
Betis,Atlético Madrid,1.0,2.0,2019-12-22,2020
Sevilla,Athletic Club,1.0,1.0,2020-01-03,2020
Getafe,Real Madrid,0.0,3.0,2020-01-04,2020
Granada,Mallorca,1.0,0.0,2020-01-05,2020
Alavés,Betis,1.0,1.0,2020-01-05,2020
Celta Vigo,Osasuna,1.0,1.0,2020-01-05,2020
Alavés,Betis,1.0,1.0,2020-01-05,2020
Real Madrid,Sevilla,2.0,1.0,2020-01-18,2020
Mallorca,Valencia,4.0,1.0,2020-01-19,2020
Athletic Club,Celta Vigo,1.0,1.0,2020-01-19,2020
Barcelona,Granada,1.0,0.0,2020-01-19,2020
Betis,Real Sociedad,3.0,0.0,2020-01-19,2020
Betis,Real Sociedad,3.0,0.0,2020-01-19,2020
Valencia,Barcelona,2.0,0.0,2020-01-25,2020
Sevilla,Granada,2.0,0.0,2020-01-25,2020
Real Sociedad,Mallorca,3.0,0.0,2020-01-26,2020
Getafe,Betis,1.0,0.0,2020-01-26,2020
Getafe,Betis,1.0,0.0,2020-01-26,2020
Valencia,Celta Vigo,1.0,0.0,2020-02-01,2020
Real Madrid,Atlético Madrid,1.0,0.0,2020-02-01,2020
Real Madrid,Atlético Madrid,1.0,0.0,2020-02-01,2020
Athletic Club,Getafe,0.0,2.0,2020-02-02,2020
Sevilla,Alavés,1.0,1.0,2020-02-02,2020
Sevilla,Alavés,1.0,1.0,2020-02-02,2020
Getafe,Valencia,3.0,0.0,2020-02-08,2020
Atlético Madrid,Granada,1.0,0.0,2020-02-08,2020
Atlético Madrid,Granada,1.0,0.0,2020-02-08,2020
Celta Vigo,Sevilla,2.0,1.0,2020-02-09,2020
Betis,Barcelona,2.0,3.0,2020-02-09,2020
Real Sociedad,Athletic Club,2.0,1.0,2020-02-09,2020
Osasuna,Real Madrid,1.0,4.0,2020-02-09,2020
Betis,Barcelona,2.0,3.0,2020-02-09,2020
Valencia,Atlético Madrid,2.0,2.0,2020-02-14,2020
Valencia,Atlético Madrid,2.0,2.0,2020-02-14,2020
Mallorca,Alavés,1.0,0.0,2020-02-15,2020
Barcelona,Getafe,2.0,1.0,2020-02-15,2020
Mallorca,Alavés,1.0,0.0,2020-02-15,2020
Athletic Club,Osasuna,0.0,1.0,2020-02-16,2020
Real Madrid,Celta Vigo,2.0,2.0,2020-02-16,2020
Betis,Mallorca,3.0,3.0,2020-02-21,2020
Betis,Mallorca,3.0,3.0,2020-02-21,2020
Real Sociedad,Valencia,3.0,0.0,2020-02-22,2020
Alavés,Athletic Club,2.0,1.0,2020-02-23,2020
Getafe,Sevilla,0.0,3.0,2020-02-23,2020
Alavés,Athletic Club,2.0,1.0,2020-02-23,2020
Osasuna,Granada,0.0,3.0,2020-02-23,2020
Valencia,Betis,2.0,1.0,2020-02-29,2020
Granada,Celta Vigo,0.0,0.0,2020-02-29,2020
Valencia,Betis,2.0,1.0,2020-02-29,2020
Sevilla,Osasuna,3.0,2.0,2020-03-01,2020
Real Madrid,Barcelona,2.0,0.0,2020-03-01,2020
Mallorca,Getafe,0.0,1.0,2020-03-01,2020
Alavés,Valencia,1.0,1.0,2020-03-06,2020
Alavés,Valencia,1.0,1.0,2020-03-06,2020
Barcelona,Real Sociedad,1.0,0.0,2020-03-07,2020
Getafe,Celta Vigo,0.0,0.0,2020-03-07,2020
Atlético Madrid,Sevilla,2.0,2.0,2020-03-07,2020
Atlético Madrid,Sevilla,2.0,2.0,2020-03-07,2020
Betis,Real Madrid,2.0,1.0,2020-03-08,2020
Betis,Real Madrid,2.0,1.0,2020-03-08,2020
Sevilla,Betis,2.0,0.0,2020-06-11,2020
Sevilla,Betis,2.0,0.0,2020-06-11,2020
Granada,Getafe,2.0,1.0,2020-06-12,2020
Mallorca,Barcelona,0.0,4.0,2020-06-13,2020
Athletic Club,Atlético Madrid,1.0,1.0,2020-06-14,2020
Real Sociedad,Osasuna,1.0,1.0,2020-06-14,2020
Athletic Club,Atlético Madrid,1.0,1.0,2020-06-14,2020
Betis,Granada,2.0,2.0,2020-06-15,2020
Betis,Granada,2.0,2.0,2020-06-15,2020
Osasuna,Atlético Madrid,0.0,5.0,2020-06-17,2020
Osasuna,Atlético Madrid,0.0,5.0,2020-06-17,2020
Alavés,Real Sociedad,2.0,0.0,2020-06-18,2020
Alavés,Real Sociedad,2.0,0.0,2020-06-18,2020
Real Madrid,Valencia,3.0,0.0,2020-06-18,2020
Sevilla,Barcelona,0.0,0.0,2020-06-19,2020
Athletic Club,Betis,1.0,0.0,2020-06-20,2020
Athletic Club,Betis,1.0,0.0,2020-06-20,2020
Real Sociedad,Real Madrid,1.0,2.0,2020-06-21,2020
Celta Vigo,Alavés,6.0,0.0,2020-06-21,2020
Valencia,Osasuna,2.0,0.0,2020-06-21,2020
Celta Vigo,Alavés,6.0,0.0,2020-06-21,2020
Barcelona,Athletic Club,1.0,0.0,2020-06-23,2020
Real Madrid,Mallorca,2.0,0.0,2020-06-24,2020
Alavés,Osasuna,0.0,1.0,2020-06-24,2020
Real Sociedad,Celta Vigo,0.0,1.0,2020-06-24,2020
Alavés,Osasuna,0.0,1.0,2020-06-24,2020
Atlético Madrid,Alavés,2.0,1.0,2020-06-27,2020
Athletic Club,Mallorca,3.0,1.0,2020-06-27,2020
Celta Vigo,Barcelona,2.0,2.0,2020-06-27,2020
Atlético Madrid,Alavés,2.0,1.0,2020-06-27,2020
Getafe,Real Sociedad,2.0,1.0,2020-06-29,2020
Barcelona,Atlético Madrid,2.0,2.0,2020-06-30,2020
Mallorca,Celta Vigo,5.0,1.0,2020-06-30,2020
Barcelona,Atlético Madrid,2.0,2.0,2020-06-30,2020
Alavés,Granada,0.0,2.0,2020-07-01,2020
Valencia,Athletic Club,0.0,2.0,2020-07-01,2020
Alavés,Granada,0.0,2.0,2020-07-01,2020
Real Madrid,Getafe,1.0,0.0,2020-07-02,2020
Atlético Madrid,Mallorca,3.0,0.0,2020-07-03,2020
Atlético Madrid,Mallorca,3.0,0.0,2020-07-03,2020
Granada,Valencia,2.0,2.0,2020-07-04,2020
Celta Vigo,Betis,1.0,1.0,2020-07-04,2020
Celta Vigo,Betis,1.0,1.0,2020-07-04,2020
Osasuna,Getafe,0.0,0.0,2020-07-05,2020
Athletic Club,Real Madrid,0.0,1.0,2020-07-05,2020
Celta Vigo,Atlético Madrid,1.0,1.0,2020-07-07,2020
Celta Vigo,Atlético Madrid,1.0,1.0,2020-07-07,2020
Betis,Osasuna,3.0,0.0,2020-07-08,2020
Betis,Osasuna,3.0,0.0,2020-07-08,2020
Athletic Club,Sevilla,1.0,2.0,2020-07-09,2020
Real Sociedad,Granada,2.0,3.0,2020-07-10,2020
Real Madrid,Alavés,2.0,0.0,2020-07-10,2020
Real Madrid,Alavés,2.0,0.0,2020-07-10,2020
Osasuna,Celta Vigo,2.0,1.0,2020-07-11,2020
Atlético Madrid,Betis,1.0,0.0,2020-07-11,2020
Atlético Madrid,Betis,1.0,0.0,2020-07-11,2020
Sevilla,Mallorca,2.0,0.0,2020-07-12,2020
Granada,Real Madrid,1.0,2.0,2020-07-13,2020
Alavés,Getafe,0.0,0.0,2020-07-13,2020
Alavés,Getafe,0.0,0.0,2020-07-13,2020
Barcelona,Osasuna,1.0,2.0,2020-07-16,2020
Mallorca,Granada,1.0,2.0,2020-07-16,2020
Getafe,Atlético Madrid,0.0,2.0,2020-07-16,2020
Real Sociedad,Sevilla,0.0,0.0,2020-07-16,2020
Getafe,Atlético Madrid,0.0,2.0,2020-07-16,2020
Betis,Alavés,1.0,2.0,2020-07-16,2020
Betis,Alavés,1.0,2.0,2020-07-16,2020
Osasuna,Mallorca,2.0,2.0,2020-07-19,2020
Sevilla,Valencia,1.0,0.0,2020-07-19,2020
Atlético Madrid,Real Sociedad,1.0,1.0,2020-07-19,2020
Alavés,Barcelona,0.0,5.0,2020-07-19,2020
Atlético Madrid,Real Sociedad,1.0,1.0,2020-07-19,2020
Granada,Athletic Club,4.0,0.0,2020-07-19,2020
Alavés,Barcelona,0.0,5.0,2020-07-19,2020
Cádiz,Osasuna,0.0,2.0,2020-09-12,2021
Cádiz,Osasuna,0.0,2.0,2020-09-12,2021
Granada,Athletic Club,2.0,0.0,2020-09-12,2021
Alavés,Betis,0.0,1.0,2020-09-13,2021
Alavés,Betis,0.0,1.0,2020-09-13,2021
Celta Vigo,Valencia,2.0,1.0,2020-09-19,2021
Getafe,Osasuna,1.0,0.0,2020-09-19,2021
Granada,Alavés,2.0,1.0,2020-09-20,2021
Real Sociedad,Real Madrid,0.0,0.0,2020-09-20,2021
Granada,Alavés,2.0,1.0,2020-09-20,2021
Betis,Real Madrid,2.0,3.0,2020-09-26,2021
Alavés,Getafe,0.0,0.0,2020-09-26,2021
Alavés,Getafe,0.0,0.0,2020-09-26,2021
Betis,Real Madrid,2.0,3.0,2020-09-26,2021
Atlético Madrid,Granada,6.0,1.0,2020-09-27,2021
Cádiz,Sevilla,1.0,3.0,2020-09-27,2021
Atlético Madrid,Granada,6.0,1.0,2020-09-27,2021
Cádiz,Sevilla,1.0,3.0,2020-09-27,2021
Getafe,Betis,3.0,0.0,2020-09-29,2021
Real Sociedad,Valencia,0.0,1.0,2020-09-29,2021
Getafe,Betis,3.0,0.0,2020-09-29,2021
Celta Vigo,Barcelona,0.0,3.0,2020-10-01,2021
Athletic Club,Cádiz,0.0,1.0,2020-10-01,2021
Athletic Club,Cádiz,0.0,1.0,2020-10-01,2021
Valencia,Betis,0.0,2.0,2020-10-03,2021
Valencia,Betis,0.0,2.0,2020-10-03,2021
Real Sociedad,Getafe,3.0,0.0,2020-10-03,2021
Alavés,Athletic Club,1.0,0.0,2020-10-04,2021
Barcelona,Sevilla,1.0,1.0,2020-10-04,2021
Osasuna,Celta Vigo,2.0,0.0,2020-10-04,2021
Cádiz,Granada,1.0,1.0,2020-10-04,2021
Alavés,Athletic Club,1.0,0.0,2020-10-04,2021
Cádiz,Granada,1.0,1.0,2020-10-04,2021
Real Madrid,Cádiz,0.0,1.0,2020-10-17,2021
Granada,Sevilla,1.0,0.0,2020-10-17,2021
Celta Vigo,Atlético Madrid,0.0,2.0,2020-10-17,2021
Getafe,Barcelona,1.0,0.0,2020-10-17,2021
Real Madrid,Cádiz,0.0,1.0,2020-10-17,2021
Celta Vigo,Atlético Madrid,0.0,2.0,2020-10-17,2021
Betis,Real Sociedad,0.0,3.0,2020-10-18,2021
Betis,Real Sociedad,0.0,3.0,2020-10-18,2021
Osasuna,Athletic Club,1.0,0.0,2020-10-24,2021
Barcelona,Real Madrid,1.0,3.0,2020-10-24,2021
Atlético Madrid,Betis,2.0,0.0,2020-10-24,2021
Atlético Madrid,Betis,2.0,0.0,2020-10-24,2021
Getafe,Granada,0.0,1.0,2020-10-25,2021
Alavés,Barcelona,1.0,1.0,2020-10-31,2021
Osasuna,Atlético Madrid,1.0,3.0,2020-10-31,2021
Athletic Club,Sevilla,2.0,1.0,2020-10-31,2021
Alavés,Barcelona,1.0,1.0,2020-10-31,2021
Osasuna,Atlético Madrid,1.0,3.0,2020-10-31,2021
Celta Vigo,Real Sociedad,1.0,4.0,2020-11-01,2021
Valencia,Getafe,2.0,2.0,2020-11-01,2021
Atlético Madrid,Cádiz,4.0,0.0,2020-11-07,2021
Sevilla,Osasuna,1.0,0.0,2020-11-07,2021
Barcelona,Betis,5.0,2.0,2020-11-07,2021
Atlético Madrid,Cádiz,4.0,0.0,2020-11-07,2021
Barcelona,Betis,5.0,2.0,2020-11-07,2021
Real Sociedad,Granada,2.0,0.0,2020-11-08,2021
Valencia,Real Madrid,4.0,1.0,2020-11-08,2021
Sevilla,Celta Vigo,4.0,2.0,2020-11-21,2021
Atlético Madrid,Barcelona,1.0,0.0,2020-11-21,2021
Atlético Madrid,Barcelona,1.0,0.0,2020-11-21,2021
Alavés,Valencia,2.0,2.0,2020-11-22,2021
Alavés,Valencia,2.0,2.0,2020-11-22,2021
Cádiz,Real Sociedad,0.0,1.0,2020-11-22,2021
Cádiz,Real Sociedad,0.0,1.0,2020-11-22,2021
Athletic Club,Betis,4.0,0.0,2020-11-23,2021
Athletic Club,Betis,4.0,0.0,2020-11-23,2021
Real Madrid,Alavés,1.0,2.0,2020-11-28,2021
Valencia,Atlético Madrid,0.0,1.0,2020-11-28,2021
Real Madrid,Alavés,1.0,2.0,2020-11-28,2021
Valencia,Atlético Madrid,0.0,1.0,2020-11-28,2021
Barcelona,Osasuna,4.0,0.0,2020-11-29,2021
Getafe,Athletic Club,1.0,1.0,2020-11-29,2021
Celta Vigo,Granada,3.0,1.0,2020-11-29,2021
Athletic Club,Celta Vigo,0.0,2.0,2020-12-04,2021
Sevilla,Real Madrid,0.0,1.0,2020-12-05,2021
Cádiz,Barcelona,2.0,1.0,2020-12-05,2021
Cádiz,Barcelona,2.0,1.0,2020-12-05,2021
Alavés,Real Sociedad,0.0,0.0,2020-12-06,2021
Alavés,Real Sociedad,0.0,0.0,2020-12-06,2021
Osasuna,Betis,0.0,2.0,2020-12-06,2021
Osasuna,Betis,0.0,2.0,2020-12-06,2021
Valencia,Athletic Club,2.0,2.0,2020-12-12,2021
Real Madrid,Atlético Madrid,2.0,0.0,2020-12-12,2021
Getafe,Sevilla,0.0,1.0,2020-12-12,2021
Real Madrid,Atlético Madrid,2.0,0.0,2020-12-12,2021
Celta Vigo,Cádiz,4.0,0.0,2020-12-14,2021
Celta Vigo,Cádiz,4.0,0.0,2020-12-14,2021
Real Madrid,Athletic Club,3.0,1.0,2020-12-15,2021
Barcelona,Real Sociedad,2.0,1.0,2020-12-16,2021
Barcelona,Valencia,2.0,2.0,2020-12-19,2021
Celta Vigo,Alavés,2.0,0.0,2020-12-20,2021
Granada,Betis,2.0,0.0,2020-12-20,2021
Cádiz,Getafe,0.0,2.0,2020-12-20,2021
Celta Vigo,Alavés,2.0,0.0,2020-12-20,2021
Cádiz,Getafe,0.0,2.0,2020-12-20,2021
Granada,Betis,2.0,0.0,2020-12-20,2021
Valencia,Sevilla,0.0,1.0,2020-12-22,2021
Real Sociedad,Atlético Madrid,0.0,2.0,2020-12-22,2021
Real Sociedad,Atlético Madrid,0.0,2.0,2020-12-22,2021
Real Madrid,Granada,2.0,0.0,2020-12-23,2021
Betis,Cádiz,1.0,0.0,2020-12-23,2021
Getafe,Celta Vigo,1.0,1.0,2020-12-23,2021
Betis,Cádiz,1.0,0.0,2020-12-23,2021
Granada,Valencia,2.0,1.0,2020-12-30,2021
Atlético Madrid,Getafe,1.0,0.0,2020-12-30,2021
Atlético Madrid,Getafe,1.0,0.0,2020-12-30,2021
Athletic Club,Real Sociedad,0.0,1.0,2020-12-31,2021
Osasuna,Alavés,1.0,1.0,2020-12-31,2021
Osasuna,Alavés,1.0,1.0,2020-12-31,2021
Real Madrid,Celta Vigo,2.0,0.0,2021-01-02,2021
Betis,Sevilla,1.0,1.0,2021-01-02,2021
Betis,Sevilla,1.0,1.0,2021-01-02,2021
Real Sociedad,Osasuna,1.0,1.0,2021-01-03,2021
Alavés,Atlético Madrid,1.0,2.0,2021-01-03,2021
Alavés,Atlético Madrid,1.0,2.0,2021-01-03,2021
Valencia,Cádiz,1.0,1.0,2021-01-04,2021
Valencia,Cádiz,1.0,1.0,2021-01-04,2021
Athletic Club,Barcelona,2.0,3.0,2021-01-06,2021
Granada,Barcelona,0.0,4.0,2021-01-09,2021
Osasuna,Real Madrid,0.0,0.0,2021-01-09,2021
Sevilla,Real Sociedad,3.0,2.0,2021-01-09,2021
Cádiz,Alavés,3.0,1.0,2021-01-10,2021
Cádiz,Alavés,3.0,1.0,2021-01-10,2021
Atlético Madrid,Sevilla,2.0,0.0,2021-01-12,2021
Granada,Osasuna,2.0,0.0,2021-01-12,2021
Atlético Madrid,Sevilla,2.0,0.0,2021-01-12,2021
Alavés,Sevilla,1.0,2.0,2021-01-19,2021
Alavés,Sevilla,1.0,2.0,2021-01-19,2021
Betis,Celta Vigo,2.0,1.0,2021-01-20,2021
Betis,Celta Vigo,2.0,1.0,2021-01-20,2021
Valencia,Osasuna,1.0,1.0,2021-01-21,2021
Sevilla,Cádiz,3.0,0.0,2021-01-23,2021
Alavés,Real Madrid,1.0,4.0,2021-01-23,2021
Sevilla,Cádiz,3.0,0.0,2021-01-23,2021
Real Sociedad,Betis,2.0,2.0,2021-01-23,2021
Alavés,Real Madrid,1.0,4.0,2021-01-23,2021
Real Sociedad,Betis,2.0,2.0,2021-01-23,2021
Atlético Madrid,Valencia,3.0,1.0,2021-01-24,2021
Osasuna,Granada,3.0,1.0,2021-01-24,2021
Atlético Madrid,Valencia,3.0,1.0,2021-01-24,2021
Athletic Club,Getafe,5.0,1.0,2021-01-25,2021
Cádiz,Atlético Madrid,2.0,4.0,2021-01-31,2021
Getafe,Alavés,0.0,0.0,2021-01-31,2021
Granada,Celta Vigo,0.0,0.0,2021-01-31,2021
Barcelona,Athletic Club,2.0,1.0,2021-01-31,2021
Cádiz,Atlético Madrid,2.0,4.0,2021-01-31,2021
Getafe,Alavés,0.0,0.0,2021-01-31,2021
Betis,Osasuna,1.0,0.0,2021-02-01,2021
Betis,Osasuna,1.0,0.0,2021-02-01,2021
Sevilla,Getafe,3.0,0.0,2021-02-06,2021
Athletic Club,Valencia,1.0,1.0,2021-02-07,2021
Betis,Barcelona,2.0,3.0,2021-02-07,2021
Real Sociedad,Cádiz,4.0,1.0,2021-02-07,2021
Real Sociedad,Cádiz,4.0,1.0,2021-02-07,2021
Betis,Barcelona,2.0,3.0,2021-02-07,2021
Atlético Madrid,Celta Vigo,2.0,2.0,2021-02-08,2021
Atlético Madrid,Celta Vigo,2.0,2.0,2021-02-08,2021
Real Madrid,Getafe,2.0,0.0,2021-02-09,2021
Barcelona,Alavés,5.0,1.0,2021-02-13,2021
Granada,Atlético Madrid,1.0,2.0,2021-02-13,2021
Barcelona,Alavés,5.0,1.0,2021-02-13,2021
Granada,Atlético Madrid,1.0,2.0,2021-02-13,2021
Real Madrid,Valencia,2.0,0.0,2021-02-14,2021
Getafe,Real Sociedad,0.0,1.0,2021-02-14,2021
Cádiz,Athletic Club,0.0,4.0,2021-02-15,2021
Cádiz,Athletic Club,0.0,4.0,2021-02-15,2021
Betis,Getafe,1.0,0.0,2021-02-19,2021
Betis,Getafe,1.0,0.0,2021-02-19,2021
Valencia,Celta Vigo,2.0,0.0,2021-02-20,2021
Real Sociedad,Alavés,4.0,0.0,2021-02-21,2021
Real Sociedad,Alavés,4.0,0.0,2021-02-21,2021
Barcelona,Cádiz,1.0,1.0,2021-02-21,2021
Barcelona,Cádiz,1.0,1.0,2021-02-21,2021
Osasuna,Sevilla,0.0,2.0,2021-02-22,2021
Sevilla,Barcelona,0.0,2.0,2021-02-27,2021
Getafe,Valencia,3.0,0.0,2021-02-27,2021
Alavés,Osasuna,0.0,1.0,2021-02-27,2021
Alavés,Osasuna,0.0,1.0,2021-02-27,2021
Cádiz,Betis,0.0,1.0,2021-02-28,2021
Cádiz,Betis,0.0,1.0,2021-02-28,2021
Real Madrid,Real Sociedad,1.0,1.0,2021-03-01,2021
Osasuna,Barcelona,0.0,2.0,2021-03-06,2021
Athletic Club,Granada,2.0,1.0,2021-03-07,2021
Atlético Madrid,Real Madrid,1.0,1.0,2021-03-07,2021
Atlético Madrid,Real Madrid,1.0,1.0,2021-03-07,2021
Betis,Alavés,3.0,2.0,2021-03-08,2021
Betis,Alavés,3.0,2.0,2021-03-08,2021
Atlético Madrid,Athletic Club,2.0,1.0,2021-03-10,2021
Atlético Madrid,Athletic Club,2.0,1.0,2021-03-10,2021
Getafe,Atlético Madrid,0.0,0.0,2021-03-13,2021
Alavés,Cádiz,1.0,1.0,2021-03-13,2021
Alavés,Cádiz,1.0,1.0,2021-03-13,2021
Getafe,Atlético Madrid,0.0,0.0,2021-03-13,2021
Celta Vigo,Athletic Club,0.0,0.0,2021-03-14,2021
Granada,Real Sociedad,1.0,0.0,2021-03-14,2021
Sevilla,Betis,1.0,0.0,2021-03-14,2021
Sevilla,Betis,1.0,0.0,2021-03-14,2021
Celta Vigo,Real Madrid,1.0,3.0,2021-03-20,2021
Valencia,Granada,2.0,1.0,2021-03-21,2021
Atlético Madrid,Alavés,1.0,0.0,2021-03-21,2021
Real Sociedad,Barcelona,1.0,6.0,2021-03-21,2021
Atlético Madrid,Alavés,1.0,0.0,2021-03-21,2021
Osasuna,Getafe,0.0,0.0,2021-04-03,2021
Alavés,Celta Vigo,1.0,3.0,2021-04-04,2021
Sevilla,Atlético Madrid,1.0,0.0,2021-04-04,2021
Cádiz,Valencia,2.0,1.0,2021-04-04,2021
Cádiz,Valencia,2.0,1.0,2021-04-04,2021
Alavés,Celta Vigo,1.0,3.0,2021-04-04,2021
Sevilla,Atlético Madrid,1.0,0.0,2021-04-04,2021
Real Sociedad,Athletic Club,1.0,1.0,2021-04-07,2021
Athletic Club,Alavés,0.0,0.0,2021-04-10,2021
Getafe,Cádiz,0.0,1.0,2021-04-10,2021
Real Madrid,Barcelona,2.0,1.0,2021-04-10,2021
Athletic Club,Alavés,0.0,0.0,2021-04-10,2021
Getafe,Cádiz,0.0,1.0,2021-04-10,2021
Betis,Atlético Madrid,1.0,1.0,2021-04-11,2021
Betis,Atlético Madrid,1.0,1.0,2021-04-11,2021
Valencia,Real Sociedad,2.0,2.0,2021-04-11,2021
Celta Vigo,Sevilla,3.0,4.0,2021-04-12,2021
Betis,Valencia,2.0,2.0,2021-04-18,2021
Getafe,Real Madrid,0.0,0.0,2021-04-18,2021
Cádiz,Celta Vigo,0.0,0.0,2021-04-18,2021
Real Sociedad,Sevilla,1.0,2.0,2021-04-18,2021
Betis,Valencia,2.0,2.0,2021-04-18,2021
Cádiz,Celta Vigo,0.0,0.0,2021-04-18,2021
Osasuna,Valencia,3.0,1.0,2021-04-21,2021
Cádiz,Real Madrid,0.0,3.0,2021-04-21,2021
Betis,Athletic Club,0.0,0.0,2021-04-21,2021
Betis,Athletic Club,0.0,0.0,2021-04-21,2021
Cádiz,Real Madrid,0.0,3.0,2021-04-21,2021
Real Sociedad,Celta Vigo,2.0,1.0,2021-04-22,2021
Barcelona,Getafe,5.0,2.0,2021-04-22,2021
Valencia,Alavés,1.0,1.0,2021-04-24,2021
Valencia,Alavés,1.0,1.0,2021-04-24,2021
Real Madrid,Betis,0.0,0.0,2021-04-24,2021
Real Madrid,Betis,0.0,0.0,2021-04-24,2021
Celta Vigo,Osasuna,2.0,1.0,2021-04-25,2021
Athletic Club,Atlético Madrid,2.0,1.0,2021-04-25,2021
Athletic Club,Atlético Madrid,2.0,1.0,2021-04-25,2021
Sevilla,Granada,2.0,1.0,2021-04-25,2021
Barcelona,Granada,1.0,2.0,2021-04-29,2021
Real Madrid,Osasuna,2.0,0.0,2021-05-01,2021
Valencia,Barcelona,2.0,3.0,2021-05-02,2021
Granada,Cádiz,0.0,1.0,2021-05-02,2021
Granada,Cádiz,0.0,1.0,2021-05-02,2021
Sevilla,Athletic Club,0.0,1.0,2021-05-03,2021
Barcelona,Atlético Madrid,0.0,0.0,2021-05-08,2021
Athletic Club,Osasuna,2.0,2.0,2021-05-08,2021
Barcelona,Atlético Madrid,0.0,0.0,2021-05-08,2021
Real Madrid,Sevilla,2.0,2.0,2021-05-09,2021
Betis,Granada,2.0,1.0,2021-05-10,2021
Betis,Granada,2.0,1.0,2021-05-10,2021
Osasuna,Cádiz,3.0,2.0,2021-05-11,2021
Osasuna,Cádiz,3.0,2.0,2021-05-11,2021
Sevilla,Valencia,1.0,0.0,2021-05-12,2021
Atlético Madrid,Real Sociedad,2.0,1.0,2021-05-12,2021
Celta Vigo,Getafe,1.0,0.0,2021-05-12,2021
Atlético Madrid,Real Sociedad,2.0,1.0,2021-05-12,2021
Granada,Real Madrid,1.0,4.0,2021-05-13,2021
Alavés,Granada,4.0,2.0,2021-05-16,2021
Atlético Madrid,Osasuna,2.0,1.0,2021-05-16,2021
Barcelona,Celta Vigo,1.0,2.0,2021-05-16,2021
Athletic Club,Real Madrid,0.0,1.0,2021-05-16,2021
Atlético Madrid,Osasuna,2.0,1.0,2021-05-16,2021
Alavés,Granada,4.0,2.0,2021-05-16,2021
Celta Vigo,Betis,2.0,3.0,2021-05-22,2021
Osasuna,Real Sociedad,0.0,1.0,2021-05-22,2021
Celta Vigo,Betis,2.0,3.0,2021-05-22,2021
Sevilla,Alavés,1.0,0.0,2021-05-23,2021
Granada,Getafe,0.0,0.0,2021-05-23,2021
Sevilla,Alavés,1.0,0.0,2021-05-23,2021
Valencia,Getafe,1.0,0.0,2021-08-13,2022
Alavés,Real Madrid,1.0,4.0,2021-08-14,2022
Mallorca,Betis,1.0,1.0,2021-08-14,2022
Mallorca,Betis,1.0,1.0,2021-08-14,2022
Alavés,Real Madrid,1.0,4.0,2021-08-14,2022
Celta Vigo,Atlético Madrid,1.0,2.0,2021-08-15,2022
Sevilla,Rayo Vallecano,3.0,0.0,2021-08-15,2022
Celta Vigo,Atlético Madrid,1.0,2.0,2021-08-15,2022
Barcelona,Real Sociedad,4.0,2.0,2021-08-15,2022
Betis,Cádiz,1.0,1.0,2021-08-20,2022
Betis,Cádiz,1.0,1.0,2021-08-20,2022
Granada,Valencia,1.0,1.0,2021-08-21,2022
Athletic Club,Barcelona,1.0,1.0,2021-08-21,2022
Alavés,Mallorca,0.0,1.0,2021-08-21,2022
Alavés,Mallorca,0.0,1.0,2021-08-21,2022
Real Sociedad,Rayo Vallecano,1.0,0.0,2021-08-22,2022
Getafe,Sevilla,0.0,1.0,2021-08-23,2022
Osasuna,Celta Vigo,0.0,0.0,2021-08-23,2022
Valencia,Alavés,3.0,0.0,2021-08-27,2022
Valencia,Alavés,3.0,0.0,2021-08-27,2022
Betis,Real Madrid,0.0,1.0,2021-08-28,2022
Celta Vigo,Athletic Club,0.0,1.0,2021-08-28,2022
Betis,Real Madrid,0.0,1.0,2021-08-28,2022
Barcelona,Getafe,2.0,1.0,2021-08-29,2022
Rayo Vallecano,Granada,4.0,0.0,2021-08-29,2022
Cádiz,Osasuna,2.0,3.0,2021-08-29,2022
Cádiz,Osasuna,2.0,3.0,2021-08-29,2022
Athletic Club,Mallorca,2.0,0.0,2021-09-11,2022
Osasuna,Valencia,1.0,4.0,2021-09-12,2022
Real Madrid,Celta Vigo,5.0,2.0,2021-09-12,2022
Cádiz,Real Sociedad,0.0,2.0,2021-09-12,2022
Cádiz,Real Sociedad,0.0,2.0,2021-09-12,2022
Granada,Betis,1.0,2.0,2021-09-13,2022
Granada,Betis,1.0,2.0,2021-09-13,2022
Celta Vigo,Cádiz,1.0,2.0,2021-09-17,2022
Celta Vigo,Cádiz,1.0,2.0,2021-09-17,2022
Atlético Madrid,Athletic Club,0.0,0.0,2021-09-18,2022
Rayo Vallecano,Getafe,3.0,0.0,2021-09-18,2022
Alavés,Osasuna,0.0,2.0,2021-09-18,2022
Atlético Madrid,Athletic Club,0.0,0.0,2021-09-18,2022
Alavés,Osasuna,0.0,2.0,2021-09-18,2022
Valencia,Real Madrid,1.0,2.0,2021-09-19,2022
Real Sociedad,Sevilla,0.0,0.0,2021-09-19,2022
Barcelona,Granada,1.0,1.0,2021-09-20,2022
Athletic Club,Rayo Vallecano,1.0,2.0,2021-09-21,2022
Getafe,Atlético Madrid,1.0,2.0,2021-09-21,2022
Getafe,Atlético Madrid,1.0,2.0,2021-09-21,2022
Sevilla,Valencia,3.0,1.0,2021-09-22,2022
Real Madrid,Mallorca,6.0,1.0,2021-09-22,2022
Cádiz,Barcelona,0.0,0.0,2021-09-23,2022
Granada,Real Sociedad,2.0,3.0,2021-09-23,2022
Cádiz,Barcelona,0.0,0.0,2021-09-23,2022
Osasuna,Betis,1.0,3.0,2021-09-23,2022
Osasuna,Betis,1.0,3.0,2021-09-23,2022
Valencia,Athletic Club,1.0,1.0,2021-09-25,2022
Alavés,Atlético Madrid,1.0,0.0,2021-09-25,2022
Alavés,Atlético Madrid,1.0,0.0,2021-09-25,2022
Mallorca,Osasuna,2.0,3.0,2021-09-26,2022
Rayo Vallecano,Cádiz,3.0,1.0,2021-09-26,2022
Betis,Getafe,2.0,0.0,2021-09-26,2022
Betis,Getafe,2.0,0.0,2021-09-26,2022
Rayo Vallecano,Cádiz,3.0,1.0,2021-09-26,2022
Celta Vigo,Granada,1.0,0.0,2021-09-27,2022
Athletic Club,Alavés,1.0,0.0,2021-10-01,2022
Athletic Club,Alavés,1.0,0.0,2021-10-01,2022
Cádiz,Valencia,0.0,0.0,2021-10-02,2022
Osasuna,Rayo Vallecano,1.0,0.0,2021-10-02,2022
Atlético Madrid,Barcelona,2.0,0.0,2021-10-02,2022
Atlético Madrid,Barcelona,2.0,0.0,2021-10-02,2022
Cádiz,Valencia,0.0,0.0,2021-10-02,2022
Getafe,Real Sociedad,1.0,1.0,2021-10-03,2022
Granada,Sevilla,1.0,0.0,2021-10-03,2022
Real Sociedad,Mallorca,1.0,0.0,2021-10-16,2022
Barcelona,Valencia,3.0,1.0,2021-10-17,2022
Celta Vigo,Sevilla,0.0,1.0,2021-10-17,2022
Alavés,Betis,0.0,1.0,2021-10-18,2022
Alavés,Betis,0.0,1.0,2021-10-18,2022
Osasuna,Granada,1.0,1.0,2021-10-22,2022
Cádiz,Alavés,0.0,2.0,2021-10-23,2022
Valencia,Mallorca,2.0,2.0,2021-10-23,2022
Cádiz,Alavés,0.0,2.0,2021-10-23,2022
Betis,Rayo Vallecano,3.0,2.0,2021-10-24,2022
Atlético Madrid,Real Sociedad,2.0,2.0,2021-10-24,2022
Atlético Madrid,Real Sociedad,2.0,2.0,2021-10-24,2022
Barcelona,Real Madrid,1.0,2.0,2021-10-24,2022
Betis,Rayo Vallecano,3.0,2.0,2021-10-24,2022
Getafe,Celta Vigo,0.0,3.0,2021-10-25,2022
Rayo Vallecano,Barcelona,1.0,0.0,2021-10-27,2022
Betis,Valencia,4.0,1.0,2021-10-27,2022
Mallorca,Sevilla,1.0,1.0,2021-10-27,2022
Real Madrid,Osasuna,0.0,0.0,2021-10-27,2022
Betis,Valencia,4.0,1.0,2021-10-27,2022
Celta Vigo,Real Sociedad,0.0,2.0,2021-10-28,2022
Granada,Getafe,1.0,1.0,2021-10-28,2022
Sevilla,Osasuna,2.0,0.0,2021-10-30,2022
Barcelona,Alavés,1.0,1.0,2021-10-30,2022
Barcelona,Alavés,1.0,1.0,2021-10-30,2022
Atlético Madrid,Betis,3.0,0.0,2021-10-31,2022
Real Sociedad,Athletic Club,1.0,1.0,2021-10-31,2022
Cádiz,Mallorca,1.0,1.0,2021-10-31,2022
Atlético Madrid,Betis,3.0,0.0,2021-10-31,2022
Cádiz,Mallorca,1.0,1.0,2021-10-31,2022
Rayo Vallecano,Celta Vigo,0.0,0.0,2021-11-01,2022
Athletic Club,Cádiz,0.0,1.0,2021-11-05,2022
Athletic Club,Cádiz,0.0,1.0,2021-11-05,2022
Real Madrid,Rayo Vallecano,2.0,1.0,2021-11-06,2022
Celta Vigo,Barcelona,3.0,3.0,2021-11-06,2022
Betis,Sevilla,0.0,2.0,2021-11-07,2022
Osasuna,Real Sociedad,0.0,2.0,2021-11-07,2022
Valencia,Atlético Madrid,3.0,3.0,2021-11-07,2022
Betis,Sevilla,0.0,2.0,2021-11-07,2022
Valencia,Atlético Madrid,3.0,3.0,2021-11-07,2022
Sevilla,Alavés,2.0,2.0,2021-11-20,2022
Atlético Madrid,Osasuna,1.0,0.0,2021-11-20,2022
Sevilla,Alavés,2.0,2.0,2021-11-20,2022
Atlético Madrid,Osasuna,1.0,0.0,2021-11-20,2022
Real Sociedad,Valencia,0.0,0.0,2021-11-21,2022
Granada,Real Madrid,1.0,4.0,2021-11-21,2022
Getafe,Cádiz,4.0,0.0,2021-11-21,2022
Getafe,Cádiz,4.0,0.0,2021-11-21,2022
Rayo Vallecano,Mallorca,3.0,1.0,2021-11-22,2022
Athletic Club,Granada,2.0,2.0,2021-11-26,2022
Valencia,Rayo Vallecano,1.0,1.0,2021-11-27,2022
Mallorca,Getafe,0.0,0.0,2021-11-27,2022
Alavés,Celta Vigo,1.0,2.0,2021-11-27,2022
Alavés,Celta Vigo,1.0,2.0,2021-11-27,2022
Real Madrid,Sevilla,2.0,1.0,2021-11-28,2022
Cádiz,Atlético Madrid,1.0,4.0,2021-11-28,2022
Cádiz,Atlético Madrid,1.0,4.0,2021-11-28,2022
Real Madrid,Athletic Club,1.0,0.0,2021-12-01,2022
Granada,Alavés,2.0,1.0,2021-12-03,2022
Granada,Alavés,2.0,1.0,2021-12-03,2022
Real Sociedad,Real Madrid,0.0,2.0,2021-12-04,2022
Atlético Madrid,Mallorca,1.0,2.0,2021-12-04,2022
Barcelona,Betis,0.0,1.0,2021-12-04,2022
Atlético Madrid,Mallorca,1.0,2.0,2021-12-04,2022
Barcelona,Betis,0.0,1.0,2021-12-04,2022
Celta Vigo,Valencia,1.0,2.0,2021-12-05,2022
Getafe,Athletic Club,0.0,0.0,2021-12-06,2022
Mallorca,Celta Vigo,0.0,0.0,2021-12-10,2022
Alavés,Getafe,1.0,1.0,2021-12-11,2022
Alavés,Getafe,1.0,1.0,2021-12-11,2022
Athletic Club,Sevilla,0.0,1.0,2021-12-11,2022
Real Madrid,Atlético Madrid,2.0,0.0,2021-12-12,2022
Real Madrid,Atlético Madrid,2.0,0.0,2021-12-12,2022
Betis,Real Sociedad,4.0,0.0,2021-12-12,2022
Osasuna,Barcelona,2.0,2.0,2021-12-12,2022
Betis,Real Sociedad,4.0,0.0,2021-12-12,2022
Cádiz,Granada,1.0,1.0,2021-12-13,2022
Cádiz,Granada,1.0,1.0,2021-12-13,2022
Rayo Vallecano,Alavés,2.0,0.0,2021-12-18,2022
Sevilla,Atlético Madrid,2.0,1.0,2021-12-18,2022
Sevilla,Atlético Madrid,2.0,1.0,2021-12-18,2022
Rayo Vallecano,Alavés,2.0,0.0,2021-12-18,2022
Getafe,Osasuna,1.0,0.0,2021-12-19,2022
Real Madrid,Cádiz,0.0,0.0,2021-12-19,2022
Real Madrid,Cádiz,0.0,0.0,2021-12-19,2022
Granada,Mallorca,4.0,1.0,2021-12-19,2022
Athletic Club,Betis,3.0,2.0,2021-12-19,2022
Athletic Club,Betis,3.0,2.0,2021-12-19,2022
Sevilla,Barcelona,1.0,1.0,2021-12-21,2022
Athletic Club,Real Madrid,1.0,2.0,2021-12-22,2022
Granada,Atlético Madrid,2.0,1.0,2021-12-22,2022
Granada,Atlético Madrid,2.0,1.0,2021-12-22,2022
Getafe,Real Madrid,1.0,0.0,2022-01-02,2022
Mallorca,Barcelona,0.0,1.0,2022-01-02,2022
Betis,Celta Vigo,0.0,2.0,2022-01-02,2022
Alavés,Real Sociedad,1.0,1.0,2022-01-02,2022
Atlético Madrid,Rayo Vallecano,2.0,0.0,2022-01-02,2022
Betis,Celta Vigo,0.0,2.0,2022-01-02,2022
Alavés,Real Sociedad,1.0,1.0,2022-01-02,2022
Atlético Madrid,Rayo Vallecano,2.0,0.0,2022-01-02,2022
Osasuna,Athletic Club,1.0,3.0,2022-01-03,2022
Cádiz,Sevilla,0.0,1.0,2022-01-03,2022
Cádiz,Sevilla,0.0,1.0,2022-01-03,2022
Real Madrid,Valencia,4.0,1.0,2022-01-08,2022
Real Sociedad,Celta Vigo,1.0,0.0,2022-01-08,2022
Granada,Barcelona,1.0,1.0,2022-01-08,2022
Sevilla,Getafe,1.0,0.0,2022-01-09,2022
Alavés,Athletic Club,0.0,0.0,2022-01-09,2022
Rayo Vallecano,Betis,1.0,1.0,2022-01-09,2022
Osasuna,Cádiz,2.0,0.0,2022-01-09,2022
Alavés,Athletic Club,0.0,0.0,2022-01-09,2022
Rayo Vallecano,Betis,1.0,1.0,2022-01-09,2022
Osasuna,Cádiz,2.0,0.0,2022-01-09,2022
Betis,Alavés,4.0,0.0,2022-01-18,2022
Betis,Alavés,4.0,0.0,2022-01-18,2022
Celta Vigo,Osasuna,2.0,0.0,2022-01-19,2022
Valencia,Sevilla,1.0,1.0,2022-01-19,2022
Getafe,Granada,4.0,2.0,2022-01-20,2022
Atlético Madrid,Valencia,3.0,2.0,2022-01-22,2022
Atlético Madrid,Valencia,3.0,2.0,2022-01-22,2022
Sevilla,Celta Vigo,2.0,2.0,2022-01-22,2022
Real Sociedad,Getafe,0.0,0.0,2022-01-23,2022
Rayo Vallecano,Athletic Club,0.0,1.0,2022-01-23,2022
Granada,Osasuna,0.0,2.0,2022-01-23,2022
Alavés,Barcelona,0.0,1.0,2022-01-23,2022
Alavés,Barcelona,0.0,1.0,2022-01-23,2022
Osasuna,Sevilla,0.0,0.0,2022-02-05,2022
Mallorca,Cádiz,2.0,1.0,2022-02-05,2022
Celta Vigo,Rayo Vallecano,2.0,0.0,2022-02-05,2022
Mallorca,Cádiz,2.0,1.0,2022-02-05,2022
Real Madrid,Granada,1.0,0.0,2022-02-06,2022
Valencia,Real Sociedad,0.0,0.0,2022-02-06,2022
Barcelona,Atlético Madrid,4.0,2.0,2022-02-06,2022
Barcelona,Atlético Madrid,4.0,2.0,2022-02-06,2022
Atlético Madrid,Getafe,4.0,3.0,2022-02-12,2022
Atlético Madrid,Getafe,4.0,3.0,2022-02-12,2022
Cádiz,Celta Vigo,0.0,0.0,2022-02-12,2022
Cádiz,Celta Vigo,0.0,0.0,2022-02-12,2022
Rayo Vallecano,Osasuna,0.0,3.0,2022-02-12,2022
Real Sociedad,Granada,2.0,0.0,2022-02-13,2022
Alavés,Valencia,2.0,1.0,2022-02-13,2022
Alavés,Valencia,2.0,1.0,2022-02-13,2022
Mallorca,Athletic Club,3.0,2.0,2022-02-14,2022
Osasuna,Atlético Madrid,0.0,3.0,2022-02-19,2022
Cádiz,Getafe,1.0,1.0,2022-02-19,2022
Real Madrid,Alavés,3.0,0.0,2022-02-19,2022
Osasuna,Atlético Madrid,0.0,3.0,2022-02-19,2022
Real Madrid,Alavés,3.0,0.0,2022-02-19,2022
Cádiz,Getafe,1.0,1.0,2022-02-19,2022
Valencia,Barcelona,1.0,4.0,2022-02-20,2022
Betis,Mallorca,2.0,1.0,2022-02-20,2022
Athletic Club,Real Sociedad,4.0,0.0,2022-02-20,2022
Betis,Mallorca,2.0,1.0,2022-02-20,2022
Getafe,Alavés,2.0,2.0,2022-02-26,2022
Atlético Madrid,Celta Vigo,2.0,0.0,2022-02-26,2022
Mallorca,Valencia,0.0,1.0,2022-02-26,2022
Rayo Vallecano,Real Madrid,0.0,1.0,2022-02-26,2022
Atlético Madrid,Celta Vigo,2.0,0.0,2022-02-26,2022
Getafe,Alavés,2.0,2.0,2022-02-26,2022
Sevilla,Betis,2.0,1.0,2022-02-27,2022
Barcelona,Athletic Club,4.0,0.0,2022-02-27,2022
Real Sociedad,Osasuna,1.0,0.0,2022-02-27,2022
Sevilla,Betis,2.0,1.0,2022-02-27,2022
Granada,Cádiz,0.0,0.0,2022-02-28,2022
Granada,Cádiz,0.0,0.0,2022-02-28,2022
Mallorca,Real Sociedad,0.0,2.0,2022-03-02,2022
Alavés,Sevilla,0.0,0.0,2022-03-04,2022
Alavés,Sevilla,0.0,0.0,2022-03-04,2022
Valencia,Granada,3.0,1.0,2022-03-05,2022
Real Madrid,Real Sociedad,4.0,1.0,2022-03-05,2022
Celta Vigo,Mallorca,4.0,3.0,2022-03-06,2022
Betis,Atlético Madrid,1.0,3.0,2022-03-06,2022
Betis,Atlético Madrid,1.0,3.0,2022-03-06,2022
Cádiz,Rayo Vallecano,2.0,0.0,2022-03-06,2022
Cádiz,Rayo Vallecano,2.0,0.0,2022-03-06,2022
Atlético Madrid,Cádiz,2.0,1.0,2022-03-11,2022
Atlético Madrid,Cádiz,2.0,1.0,2022-03-11,2022
Getafe,Valencia,0.0,0.0,2022-03-12,2022
Barcelona,Osasuna,4.0,0.0,2022-03-13,2022
Betis,Athletic Club,1.0,0.0,2022-03-13,2022
Rayo Vallecano,Sevilla,1.0,1.0,2022-03-13,2022
Real Sociedad,Alavés,1.0,0.0,2022-03-13,2022
Betis,Athletic Club,1.0,0.0,2022-03-13,2022
Real Sociedad,Alavés,1.0,0.0,2022-03-13,2022
Mallorca,Real Madrid,0.0,3.0,2022-03-14,2022
Athletic Club,Getafe,1.0,1.0,2022-03-18,2022
Rayo Vallecano,Atlético Madrid,0.0,1.0,2022-03-19,2022
Alavés,Granada,2.0,3.0,2022-03-19,2022
Rayo Vallecano,Atlético Madrid,0.0,1.0,2022-03-19,2022
Alavés,Granada,2.0,3.0,2022-03-19,2022
Real Madrid,Barcelona,0.0,4.0,2022-03-20,2022
Sevilla,Real Sociedad,0.0,0.0,2022-03-20,2022
Celta Vigo,Betis,0.0,0.0,2022-03-20,2022
Celta Vigo,Betis,0.0,0.0,2022-03-20,2022
Celta Vigo,Real Madrid,1.0,2.0,2022-04-02,2022
Getafe,Mallorca,1.0,0.0,2022-04-02,2022
Atlético Madrid,Alavés,4.0,1.0,2022-04-02,2022
Atlético Madrid,Alavés,4.0,1.0,2022-04-02,2022
Valencia,Cádiz,0.0,0.0,2022-04-03,2022
Valencia,Cádiz,0.0,0.0,2022-04-03,2022
Barcelona,Sevilla,1.0,0.0,2022-04-03,2022
Betis,Osasuna,4.0,1.0,2022-04-03,2022
Granada,Rayo Vallecano,2.0,2.0,2022-04-03,2022
Betis,Osasuna,4.0,1.0,2022-04-03,2022
Sevilla,Granada,4.0,2.0,2022-04-08,2022
Mallorca,Atlético Madrid,1.0,0.0,2022-04-09,2022
Real Madrid,Getafe,2.0,0.0,2022-04-09,2022
Cádiz,Betis,1.0,2.0,2022-04-09,2022
Cádiz,Betis,1.0,2.0,2022-04-09,2022
Mallorca,Atlético Madrid,1.0,0.0,2022-04-09,2022
Osasuna,Alavés,1.0,0.0,2022-04-10,2022
Osasuna,Alavés,1.0,0.0,2022-04-10,2022
Rayo Vallecano,Valencia,1.0,1.0,2022-04-11,2022
Real Sociedad,Betis,0.0,0.0,2022-04-15,2022
Real Sociedad,Betis,0.0,0.0,2022-04-15,2022
Valencia,Osasuna,1.0,2.0,2022-04-16,2022
Alavés,Rayo Vallecano,1.0,0.0,2022-04-16,2022
Alavés,Rayo Vallecano,1.0,0.0,2022-04-16,2022
Sevilla,Real Madrid,2.0,3.0,2022-04-17,2022
Athletic Club,Celta Vigo,0.0,2.0,2022-04-17,2022
Barcelona,Cádiz,0.0,1.0,2022-04-18,2022
Barcelona,Cádiz,0.0,1.0,2022-04-18,2022
Mallorca,Alavés,2.0,1.0,2022-04-19,2022
Mallorca,Alavés,2.0,1.0,2022-04-19,2022
Atlético Madrid,Granada,0.0,0.0,2022-04-20,2022
Osasuna,Real Madrid,1.0,3.0,2022-04-20,2022
Celta Vigo,Getafe,0.0,2.0,2022-04-20,2022
Atlético Madrid,Granada,0.0,0.0,2022-04-20,2022
Cádiz,Athletic Club,2.0,3.0,2022-04-21,2022
Real Sociedad,Barcelona,0.0,1.0,2022-04-21,2022
Cádiz,Athletic Club,2.0,3.0,2022-04-21,2022
Barcelona,Rayo Vallecano,0.0,1.0,2022-04-24,2022
Sevilla,Cádiz,1.0,1.0,2022-04-29,2022
Sevilla,Cádiz,1.0,1.0,2022-04-29,2022
Athletic Club,Atlético Madrid,2.0,0.0,2022-04-30,2022
Athletic Club,Atlético Madrid,2.0,0.0,2022-04-30,2022
Granada,Celta Vigo,1.0,1.0,2022-05-01,2022
Barcelona,Mallorca,2.0,1.0,2022-05-01,2022
Rayo Vallecano,Real Sociedad,1.0,1.0,2022-05-01,2022
Getafe,Betis,0.0,0.0,2022-05-02,2022
Getafe,Betis,0.0,0.0,2022-05-02,2022
Mallorca,Granada,2.0,6.0,2022-05-07,2022
Celta Vigo,Alavés,4.0,0.0,2022-05-07,2022
Betis,Barcelona,1.0,2.0,2022-05-07,2022
Betis,Barcelona,1.0,2.0,2022-05-07,2022
Celta Vigo,Alavés,4.0,0.0,2022-05-07,2022
Athletic Club,Valencia,0.0,0.0,2022-05-07,2022
Atlético Madrid,Real Madrid,1.0,0.0,2022-05-08,2022
Getafe,Rayo Vallecano,0.0,0.0,2022-05-08,2022
Atlético Madrid,Real Madrid,1.0,0.0,2022-05-08,2022
Valencia,Betis,0.0,3.0,2022-05-10,2022
Granada,Athletic Club,1.0,0.0,2022-05-10,2022
Barcelona,Celta Vigo,3.0,1.0,2022-05-10,2022
Valencia,Betis,0.0,3.0,2022-05-10,2022
Osasuna,Getafe,1.0,1.0,2022-05-11,2022
Sevilla,Mallorca,0.0,0.0,2022-05-11,2022
Real Sociedad,Cádiz,3.0,0.0,2022-05-12,2022
Real Sociedad,Cádiz,3.0,0.0,2022-05-12,2022
Betis,Granada,2.0,0.0,2022-05-15,2022
Cádiz,Real Madrid,1.0,1.0,2022-05-15,2022
Mallorca,Rayo Vallecano,2.0,1.0,2022-05-15,2022
Athletic Club,Osasuna,2.0,0.0,2022-05-15,2022
Atlético Madrid,Sevilla,1.0,1.0,2022-05-15,2022
Getafe,Barcelona,0.0,0.0,2022-05-15,2022
Betis,Granada,2.0,0.0,2022-05-15,2022
Atlético Madrid,Sevilla,1.0,1.0,2022-05-15,2022
Cádiz,Real Madrid,1.0,1.0,2022-05-15,2022
Real Madrid,Betis,0.0,0.0,2022-05-20,2022
Real Madrid,Betis,0.0,0.0,2022-05-20,2022
Valencia,Celta Vigo,2.0,0.0,2022-05-21,2022
Osasuna,Mallorca,0.0,2.0,2022-05-22,2022
Sevilla,Athletic Club,1.0,0.0,2022-05-22,2022
Real Sociedad,Atlético Madrid,1.0,2.0,2022-05-22,2022
Alavés,Cádiz,0.0,1.0,2022-05-22,2022
Real Sociedad,Atlético Madrid,1.0,2.0,2022-05-22,2022
Alavés,Cádiz,0.0,1.0,2022-05-22,2022
Osasuna,Sevilla,2.0,1.0,2022-08-12,2023
Barcelona,Rayo Vallecano,0.0,0.0,2022-08-13,2023
Cádiz,Real Sociedad,0.0,1.0,2022-08-14,2023
Valencia,Girona,1.0,0.0,2022-08-14,2023
Almería,Real Madrid,1.0,2.0,2022-08-14,2023
Cádiz,Real Sociedad,0.0,1.0,2022-08-14,2023
Almería,Real Madrid,1.0,2.0,2022-08-14,2023
Getafe,Atlético Madrid,0.0,3.0,2022-08-15,2023
Getafe,Atlético Madrid,0.0,3.0,2022-08-15,2023
Athletic Club,Mallorca,0.0,0.0,2022-08-15,2023
Mallorca,Betis,1.0,2.0,2022-08-20,2023
Celta Vigo,Real Madrid,1.0,4.0,2022-08-20,2023
Osasuna,Cádiz,2.0,0.0,2022-08-20,2023
Osasuna,Cádiz,2.0,0.0,2022-08-20,2023
Mallorca,Betis,1.0,2.0,2022-08-20,2023
Real Sociedad,Barcelona,1.0,4.0,2022-08-21,2023
Athletic Club,Valencia,1.0,0.0,2022-08-21,2023
Girona,Getafe,3.0,1.0,2022-08-22,2023
Betis,Osasuna,1.0,0.0,2022-08-26,2023
Betis,Osasuna,1.0,0.0,2022-08-26,2023
Girona,Celta Vigo,0.0,1.0,2022-08-26,2023
Rayo Vallecano,Mallorca,0.0,2.0,2022-08-27,2023
Almería,Sevilla,2.0,1.0,2022-08-27,2023
Almería,Sevilla,2.0,1.0,2022-08-27,2023
Cádiz,Athletic Club,0.0,4.0,2022-08-29,2023
Valencia,Atlético Madrid,0.0,1.0,2022-08-29,2023
Cádiz,Athletic Club,0.0,4.0,2022-08-29,2023
Valencia,Atlético Madrid,0.0,1.0,2022-08-29,2023
Celta Vigo,Cádiz,3.0,0.0,2022-09-02,2023
Celta Vigo,Cádiz,3.0,0.0,2022-09-02,2023
Real Madrid,Betis,2.0,1.0,2022-09-03,2023
Real Madrid,Betis,2.0,1.0,2022-09-03,2023
Real Sociedad,Atlético Madrid,1.0,1.0,2022-09-03,2023
Mallorca,Girona,1.0,1.0,2022-09-03,2023
Real Sociedad,Atlético Madrid,1.0,1.0,2022-09-03,2023
Sevilla,Barcelona,0.0,3.0,2022-09-03,2023
Osasuna,Rayo Vallecano,2.0,1.0,2022-09-04,2023
Valencia,Getafe,5.0,1.0,2022-09-04,2023
Cádiz,Barcelona,0.0,4.0,2022-09-10,2023
Rayo Vallecano,Valencia,2.0,1.0,2022-09-10,2023
Cádiz,Barcelona,0.0,4.0,2022-09-10,2023
Atlético Madrid,Celta Vigo,4.0,1.0,2022-09-10,2023
Atlético Madrid,Celta Vigo,4.0,1.0,2022-09-10,2023
Getafe,Real Sociedad,2.0,1.0,2022-09-11,2023
Real Madrid,Mallorca,4.0,1.0,2022-09-11,2023
Almería,Osasuna,0.0,1.0,2022-09-12,2023
Almería,Osasuna,0.0,1.0,2022-09-12,2023
Mallorca,Almería,1.0,0.0,2022-09-17,2023
Athletic Club,Rayo Vallecano,3.0,2.0,2022-09-17,2023
Valencia,Celta Vigo,3.0,0.0,2022-09-17,2023
Mallorca,Almería,1.0,0.0,2022-09-17,2023
Betis,Girona,2.0,1.0,2022-09-18,2023
Atlético Madrid,Real Madrid,1.0,2.0,2022-09-18,2023
Osasuna,Getafe,0.0,2.0,2022-09-18,2023
Betis,Girona,2.0,1.0,2022-09-18,2023
Atlético Madrid,Real Madrid,1.0,2.0,2022-09-18,2023
Athletic Club,Almería,4.0,0.0,2022-09-30,2023
Athletic Club,Almería,4.0,0.0,2022-09-30,2023
Mallorca,Barcelona,0.0,1.0,2022-10-01,2023
Sevilla,Atlético Madrid,0.0,2.0,2022-10-01,2023
Sevilla,Atlético Madrid,0.0,2.0,2022-10-01,2023
Girona,Real Sociedad,3.0,5.0,2022-10-02,2023
Celta Vigo,Betis,1.0,0.0,2022-10-02,2023
Celta Vigo,Betis,1.0,0.0,2022-10-02,2023
Real Madrid,Osasuna,1.0,1.0,2022-10-02,2023
Osasuna,Valencia,1.0,2.0,2022-10-07,2023
Sevilla,Athletic Club,1.0,1.0,2022-10-08,2023
Atlético Madrid,Girona,2.0,1.0,2022-10-08,2023
Almería,Rayo Vallecano,3.0,1.0,2022-10-08,2023
Almería,Rayo Vallecano,3.0,1.0,2022-10-08,2023
Getafe,Real Madrid,0.0,1.0,2022-10-08,2023
Atlético Madrid,Girona,2.0,1.0,2022-10-08,2023
Barcelona,Celta Vigo,1.0,0.0,2022-10-09,2023
Rayo Vallecano,Getafe,0.0,0.0,2022-10-14,2023
Athletic Club,Atlético Madrid,0.0,1.0,2022-10-15,2023
Mallorca,Sevilla,0.0,1.0,2022-10-15,2023
Girona,Cádiz,1.0,1.0,2022-10-15,2023
Athletic Club,Atlético Madrid,0.0,1.0,2022-10-15,2023
Girona,Cádiz,1.0,1.0,2022-10-15,2023
Real Madrid,Barcelona,3.0,1.0,2022-10-16,2023
Betis,Almería,3.0,1.0,2022-10-16,2023
Celta Vigo,Real Sociedad,1.0,2.0,2022-10-16,2023
Betis,Almería,3.0,1.0,2022-10-16,2023
Getafe,Athletic Club,2.0,2.0,2022-10-18,2023
Atlético Madrid,Rayo Vallecano,1.0,1.0,2022-10-18,2023
Sevilla,Valencia,1.0,1.0,2022-10-18,2023
Atlético Madrid,Rayo Vallecano,1.0,1.0,2022-10-18,2023
Cádiz,Betis,0.0,0.0,2022-10-19,2023
Real Sociedad,Mallorca,1.0,0.0,2022-10-19,2023
Cádiz,Betis,0.0,0.0,2022-10-19,2023
Almería,Girona,3.0,2.0,2022-10-20,2023
Almería,Girona,3.0,2.0,2022-10-20,2023
Valencia,Mallorca,1.0,2.0,2022-10-22,2023
Rayo Vallecano,Cádiz,5.0,1.0,2022-10-22,2023
Real Madrid,Sevilla,3.0,1.0,2022-10-22,2023
Rayo Vallecano,Cádiz,5.0,1.0,2022-10-22,2023
Girona,Osasuna,1.0,1.0,2022-10-23,2023
Betis,Atlético Madrid,1.0,2.0,2022-10-23,2023
Betis,Atlético Madrid,1.0,2.0,2022-10-23,2023
Barcelona,Athletic Club,4.0,0.0,2022-10-23,2023
Celta Vigo,Getafe,1.0,1.0,2022-10-24,2023
Cádiz,Atlético Madrid,3.0,2.0,2022-10-29,2023
Almería,Celta Vigo,3.0,1.0,2022-10-29,2023
Sevilla,Rayo Vallecano,0.0,1.0,2022-10-29,2023
Cádiz,Atlético Madrid,3.0,2.0,2022-10-29,2023
Valencia,Barcelona,0.0,1.0,2022-10-29,2023
Almería,Celta Vigo,3.0,1.0,2022-10-29,2023
Real Madrid,Girona,1.0,1.0,2022-10-30,2023
Real Sociedad,Betis,0.0,2.0,2022-10-30,2023
Real Sociedad,Betis,0.0,2.0,2022-10-30,2023
Girona,Athletic Club,2.0,1.0,2022-11-04,2023
Getafe,Cádiz,0.0,0.0,2022-11-05,2023
Barcelona,Almería,2.0,0.0,2022-11-05,2023
Barcelona,Almería,2.0,0.0,2022-11-05,2023
Celta Vigo,Osasuna,1.0,2.0,2022-11-05,2023
Getafe,Cádiz,0.0,0.0,2022-11-05,2023
Betis,Sevilla,1.0,1.0,2022-11-06,2023
Real Sociedad,Valencia,1.0,1.0,2022-11-06,2023
Betis,Sevilla,1.0,1.0,2022-11-06,2023
Rayo Vallecano,Real Madrid,3.0,2.0,2022-11-07,2023
Osasuna,Barcelona,1.0,2.0,2022-11-08,2023
Mallorca,Atlético Madrid,1.0,0.0,2022-11-09,2023
Sevilla,Real Sociedad,1.0,2.0,2022-11-09,2023
Almería,Getafe,1.0,0.0,2022-11-09,2023
Mallorca,Atlético Madrid,1.0,0.0,2022-11-09,2023
Almería,Getafe,1.0,0.0,2022-11-09,2023
Real Madrid,Cádiz,2.0,1.0,2022-11-10,2023
Rayo Vallecano,Celta Vigo,0.0,0.0,2022-11-10,2023
Valencia,Betis,3.0,0.0,2022-11-10,2023
Real Madrid,Cádiz,2.0,1.0,2022-11-10,2023
Valencia,Betis,3.0,0.0,2022-11-10,2023
Girona,Rayo Vallecano,2.0,2.0,2022-12-29,2023
Betis,Athletic Club,0.0,0.0,2022-12-29,2023
Betis,Athletic Club,0.0,0.0,2022-12-29,2023
Celta Vigo,Sevilla,1.0,1.0,2022-12-30,2023
Getafe,Mallorca,2.0,0.0,2022-12-30,2023
Cádiz,Almería,1.0,1.0,2022-12-30,2023
Cádiz,Almería,1.0,1.0,2022-12-30,2023
Real Sociedad,Osasuna,2.0,0.0,2022-12-31,2023
Valencia,Cádiz,0.0,1.0,2023-01-06,2023
Valencia,Cádiz,0.0,1.0,2023-01-06,2023
Almería,Real Sociedad,0.0,2.0,2023-01-08,2023
Atlético Madrid,Barcelona,0.0,1.0,2023-01-08,2023
Almería,Real Sociedad,0.0,2.0,2023-01-08,2023
Rayo Vallecano,Betis,1.0,2.0,2023-01-08,2023
Rayo Vallecano,Betis,1.0,2.0,2023-01-08,2023
Sevilla,Getafe,2.0,1.0,2023-01-08,2023
Atlético Madrid,Barcelona,0.0,1.0,2023-01-08,2023
Athletic Club,Osasuna,0.0,0.0,2023-01-09,2023
Osasuna,Mallorca,1.0,0.0,2023-01-14,2023
Girona,Sevilla,2.0,1.0,2023-01-14,2023
Real Sociedad,Athletic Club,3.0,1.0,2023-01-14,2023
Almería,Atlético Madrid,1.0,1.0,2023-01-15,2023
Almería,Atlético Madrid,1.0,1.0,2023-01-15,2023
Mallorca,Celta Vigo,1.0,0.0,2023-01-20,2023
Rayo Vallecano,Real Sociedad,0.0,2.0,2023-01-21,2023
Sevilla,Cádiz,1.0,0.0,2023-01-21,2023
Sevilla,Cádiz,1.0,0.0,2023-01-21,2023
Barcelona,Getafe,1.0,0.0,2023-01-22,2023
Athletic Club,Real Madrid,0.0,2.0,2023-01-22,2023
Valencia,Almería,2.0,2.0,2023-01-23,2023
Valencia,Almería,2.0,2.0,2023-01-23,2023
Cádiz,Mallorca,2.0,0.0,2023-01-28,2023
Getafe,Betis,0.0,1.0,2023-01-28,2023
Getafe,Betis,0.0,1.0,2023-01-28,2023
Cádiz,Mallorca,2.0,0.0,2023-01-28,2023
Girona,Barcelona,0.0,1.0,2023-01-28,2023
Real Madrid,Real Sociedad,0.0,0.0,2023-01-29,2023
Osasuna,Atlético Madrid,0.0,1.0,2023-01-29,2023
Celta Vigo,Athletic Club,1.0,0.0,2023-01-29,2023
Osasuna,Atlético Madrid,0.0,1.0,2023-01-29,2023
Betis,Barcelona,1.0,2.0,2023-02-01,2023
Betis,Barcelona,1.0,2.0,2023-02-01,2023
Real Madrid,Valencia,2.0,0.0,2023-02-02,2023
Athletic Club,Cádiz,4.0,1.0,2023-02-03,2023
Athletic Club,Cádiz,4.0,1.0,2023-02-03,2023
Betis,Celta Vigo,3.0,4.0,2023-02-04,2023
Betis,Celta Vigo,3.0,4.0,2023-02-04,2023
Atlético Madrid,Getafe,1.0,1.0,2023-02-04,2023
Atlético Madrid,Getafe,1.0,1.0,2023-02-04,2023
Girona,Valencia,1.0,0.0,2023-02-05,2023
Mallorca,Real Madrid,1.0,0.0,2023-02-05,2023
Barcelona,Sevilla,3.0,0.0,2023-02-05,2023
Rayo Vallecano,Almería,2.0,0.0,2023-02-06,2023
Rayo Vallecano,Almería,2.0,0.0,2023-02-06,2023
Cádiz,Girona,2.0,0.0,2023-02-10,2023
Cádiz,Girona,2.0,0.0,2023-02-10,2023
Valencia,Athletic Club,1.0,2.0,2023-02-11,2023
Sevilla,Mallorca,2.0,0.0,2023-02-11,2023
Almería,Betis,2.0,3.0,2023-02-11,2023
Almería,Betis,2.0,3.0,2023-02-11,2023
Celta Vigo,Atlético Madrid,0.0,1.0,2023-02-12,2023
Getafe,Rayo Vallecano,1.0,1.0,2023-02-12,2023
Celta Vigo,Atlético Madrid,0.0,1.0,2023-02-12,2023
Girona,Almería,6.0,2.0,2023-02-17,2023
Girona,Almería,6.0,2.0,2023-02-17,2023
Real Sociedad,Celta Vigo,1.0,1.0,2023-02-18,2023
Osasuna,Real Madrid,0.0,2.0,2023-02-18,2023
Barcelona,Cádiz,2.0,0.0,2023-02-19,2023
Atlético Madrid,Athletic Club,1.0,0.0,2023-02-19,2023
Rayo Vallecano,Sevilla,1.0,1.0,2023-02-19,2023
Barcelona,Cádiz,2.0,0.0,2023-02-19,2023
Atlético Madrid,Athletic Club,1.0,0.0,2023-02-19,2023
Getafe,Valencia,1.0,0.0,2023-02-20,2023
Cádiz,Rayo Vallecano,1.0,0.0,2023-02-25,2023
Cádiz,Rayo Vallecano,1.0,0.0,2023-02-25,2023
Valencia,Real Sociedad,1.0,0.0,2023-02-25,2023
Real Madrid,Atlético Madrid,1.0,1.0,2023-02-25,2023
Real Madrid,Atlético Madrid,1.0,1.0,2023-02-25,2023
Sevilla,Osasuna,2.0,3.0,2023-02-26,2023
Almería,Barcelona,1.0,0.0,2023-02-26,2023
Athletic Club,Girona,2.0,3.0,2023-02-26,2023
Almería,Barcelona,1.0,0.0,2023-02-26,2023
Real Sociedad,Cádiz,0.0,0.0,2023-03-03,2023
Real Sociedad,Cádiz,0.0,0.0,2023-03-03,2023
Atlético Madrid,Sevilla,6.0,1.0,2023-03-04,2023
Atlético Madrid,Sevilla,6.0,1.0,2023-03-04,2023
Getafe,Girona,3.0,2.0,2023-03-04,2023
Rayo Vallecano,Athletic Club,0.0,0.0,2023-03-05,2023
Betis,Real Madrid,0.0,0.0,2023-03-05,2023
Barcelona,Valencia,1.0,0.0,2023-03-05,2023
Betis,Real Madrid,0.0,0.0,2023-03-05,2023
Osasuna,Celta Vigo,0.0,0.0,2023-03-06,2023
Cádiz,Getafe,2.0,2.0,2023-03-10,2023
Cádiz,Getafe,2.0,2.0,2023-03-10,2023
Valencia,Osasuna,1.0,0.0,2023-03-11,2023
Celta Vigo,Rayo Vallecano,3.0,0.0,2023-03-11,2023
Athletic Club,Barcelona,0.0,1.0,2023-03-12,2023
Sevilla,Almería,2.0,1.0,2023-03-12,2023
Mallorca,Real Sociedad,1.0,1.0,2023-03-12,2023
Sevilla,Almería,2.0,1.0,2023-03-12,2023
Girona,Atlético Madrid,0.0,1.0,2023-03-13,2023
Girona,Atlético Madrid,0.0,1.0,2023-03-13,2023
Almería,Cádiz,1.0,1.0,2023-03-18,2023
Atlético Madrid,Valencia,3.0,0.0,2023-03-18,2023
Rayo Vallecano,Girona,2.0,2.0,2023-03-18,2023
Almería,Cádiz,1.0,1.0,2023-03-18,2023
Atlético Madrid,Valencia,3.0,0.0,2023-03-18,2023
Barcelona,Real Madrid,2.0,1.0,2023-03-19,2023
Getafe,Sevilla,2.0,0.0,2023-03-19,2023
Betis,Mallorca,1.0,0.0,2023-03-19,2023
Betis,Mallorca,1.0,0.0,2023-03-19,2023
Mallorca,Osasuna,0.0,0.0,2023-03-31,2023
Athletic Club,Getafe,0.0,0.0,2023-04-01,2023
Cádiz,Sevilla,0.0,2.0,2023-04-01,2023
Cádiz,Sevilla,0.0,2.0,2023-04-01,2023
Celta Vigo,Almería,2.0,2.0,2023-04-02,2023
Atlético Madrid,Betis,1.0,0.0,2023-04-02,2023
Celta Vigo,Almería,2.0,2.0,2023-04-02,2023
Atlético Madrid,Betis,1.0,0.0,2023-04-02,2023
Valencia,Rayo Vallecano,1.0,1.0,2023-04-03,2023
Sevilla,Celta Vigo,2.0,2.0,2023-04-07,2023
Real Sociedad,Getafe,2.0,0.0,2023-04-08,2023
Rayo Vallecano,Atlético Madrid,1.0,2.0,2023-04-09,2023
Rayo Vallecano,Atlético Madrid,1.0,2.0,2023-04-09,2023
Betis,Cádiz,0.0,2.0,2023-04-09,2023
Betis,Cádiz,0.0,2.0,2023-04-09,2023
Almería,Valencia,2.0,1.0,2023-04-09,2023
Almería,Valencia,2.0,1.0,2023-04-09,2023
Barcelona,Girona,0.0,0.0,2023-04-10,2023
Rayo Vallecano,Osasuna,2.0,1.0,2023-04-14,2023
Athletic Club,Real Sociedad,2.0,0.0,2023-04-15,2023
Cádiz,Real Madrid,0.0,2.0,2023-04-15,2023
Cádiz,Real Madrid,0.0,2.0,2023-04-15,2023
Atlético Madrid,Almería,2.0,1.0,2023-04-16,2023
Valencia,Sevilla,0.0,2.0,2023-04-16,2023
Atlético Madrid,Almería,2.0,1.0,2023-04-16,2023
Getafe,Barcelona,0.0,0.0,2023-04-16,2023
Celta Vigo,Mallorca,0.0,1.0,2023-04-17,2023
Osasuna,Betis,3.0,2.0,2023-04-22,2023
Osasuna,Betis,3.0,2.0,2023-04-22,2023
Almería,Athletic Club,1.0,2.0,2023-04-22,2023
Real Madrid,Celta Vigo,2.0,0.0,2023-04-22,2023
Real Sociedad,Rayo Vallecano,2.0,1.0,2023-04-22,2023
Almería,Athletic Club,1.0,2.0,2023-04-22,2023
Barcelona,Atlético Madrid,1.0,0.0,2023-04-23,2023
Mallorca,Getafe,3.0,1.0,2023-04-23,2023
Barcelona,Atlético Madrid,1.0,0.0,2023-04-23,2023
Cádiz,Osasuna,0.0,1.0,2023-04-25,2023
Girona,Real Madrid,4.0,2.0,2023-04-25,2023
Betis,Real Sociedad,0.0,0.0,2023-04-25,2023
Betis,Real Sociedad,0.0,0.0,2023-04-25,2023
Cádiz,Osasuna,0.0,1.0,2023-04-25,2023
Rayo Vallecano,Barcelona,2.0,1.0,2023-04-26,2023
Getafe,Almería,1.0,2.0,2023-04-26,2023
Atlético Madrid,Mallorca,3.0,1.0,2023-04-26,2023
Atlético Madrid,Mallorca,3.0,1.0,2023-04-26,2023
Getafe,Almería,1.0,2.0,2023-04-26,2023
Athletic Club,Sevilla,0.0,1.0,2023-04-27,2023
Osasuna,Real Sociedad,0.0,2.0,2023-04-28,2023
Barcelona,Betis,4.0,0.0,2023-04-29,2023
Real Madrid,Almería,4.0,2.0,2023-04-29,2023
Barcelona,Betis,4.0,0.0,2023-04-29,2023
Real Madrid,Almería,4.0,2.0,2023-04-29,2023
Cádiz,Valencia,2.0,1.0,2023-04-30,2023
Cádiz,Valencia,2.0,1.0,2023-04-30,2023
Sevilla,Girona,0.0,2.0,2023-05-01,2023
Mallorca,Athletic Club,1.0,1.0,2023-05-01,2023
Barcelona,Osasuna,1.0,0.0,2023-05-02,2023
Real Sociedad,Real Madrid,2.0,0.0,2023-05-02,2023
Getafe,Celta Vigo,1.0,0.0,2023-05-03,2023
Atlético Madrid,Cádiz,5.0,1.0,2023-05-03,2023
Atlético Madrid,Cádiz,5.0,1.0,2023-05-03,2023
Girona,Mallorca,2.0,1.0,2023-05-04,2023
Athletic Club,Betis,0.0,1.0,2023-05-04,2023
Athletic Club,Betis,0.0,1.0,2023-05-04,2023
Mallorca,Cádiz,1.0,0.0,2023-05-12,2023
Mallorca,Cádiz,1.0,0.0,2023-05-12,2023
Real Madrid,Getafe,1.0,0.0,2023-05-13,2023
Osasuna,Almería,3.0,1.0,2023-05-13,2023
Real Sociedad,Girona,2.0,2.0,2023-05-13,2023
Osasuna,Almería,3.0,1.0,2023-05-13,2023
Celta Vigo,Valencia,1.0,2.0,2023-05-14,2023
Betis,Rayo Vallecano,3.0,1.0,2023-05-15,2023
Betis,Rayo Vallecano,3.0,1.0,2023-05-15,2023
Athletic Club,Celta Vigo,2.0,1.0,2023-05-20,2023
Barcelona,Real Sociedad,1.0,2.0,2023-05-20,2023
Almería,Mallorca,3.0,0.0,2023-05-20,2023
Almería,Mallorca,3.0,0.0,2023-05-20,2023
Atlético Madrid,Osasuna,3.0,0.0,2023-05-21,2023
Atlético Madrid,Osasuna,3.0,0.0,2023-05-21,2023
Valencia,Real Madrid,1.0,0.0,2023-05-21,2023
Sevilla,Betis,0.0,0.0,2023-05-21,2023
Sevilla,Betis,0.0,0.0,2023-05-21,2023
Real Sociedad,Almería,1.0,0.0,2023-05-23,2023
Celta Vigo,Girona,1.0,1.0,2023-05-23,2023
Real Sociedad,Almería,1.0,0.0,2023-05-23,2023
Real Madrid,Rayo Vallecano,2.0,1.0,2023-05-24,2023
Betis,Getafe,0.0,1.0,2023-05-24,2023
Betis,Getafe,0.0,1.0,2023-05-24,2023
Mallorca,Valencia,1.0,0.0,2023-05-25,2023
Osasuna,Athletic Club,2.0,0.0,2023-05-25,2023
Sevilla,Real Madrid,1.0,2.0,2023-05-27,2023
Getafe,Osasuna,2.0,1.0,2023-05-28,2023
Cádiz,Celta Vigo,1.0,0.0,2023-05-28,2023
Girona,Betis,1.0,2.0,2023-05-28,2023
Barcelona,Mallorca,3.0,0.0,2023-05-28,2023
Atlético Madrid,Real Sociedad,2.0,1.0,2023-05-28,2023
Atlético Madrid,Real Sociedad,2.0,1.0,2023-05-28,2023
Cádiz,Celta Vigo,1.0,0.0,2023-05-28,2023
Girona,Betis,1.0,2.0,2023-05-28,2023
Mallorca,Rayo Vallecano,3.0,0.0,2023-06-04,2023
Real Madrid,Athletic Club,1.0,1.0,2023-06-04,2023
Betis,Valencia,1.0,1.0,2023-06-04,2023
Betis,Valencia,1.0,1.0,2023-06-04,2023
Real Sociedad,Sevilla,2.0,1.0,2023-06-04,2023
Celta Vigo,Barcelona,2.0,1.0,2023-06-04,2023
Osasuna,Girona,2.0,1.0,2023-06-04,2023
Sevilla,Valencia,1.0,2.0,2023-08-11,2024
Almería,Rayo Vallecano,0.0,2.0,2023-08-11,2024
Almería,Rayo Vallecano,0.0,2.0,2023-08-11,2024
Athletic Club,Real Madrid,0.0,2.0,2023-08-12,2024
Las Palmas,Mallorca,1.0,1.0,2023-08-12,2024
Real Sociedad,Girona,1.0,1.0,2023-08-12,2024
Getafe,Barcelona,0.0,0.0,2023-08-13,2024
Celta Vigo,Osasuna,0.0,2.0,2023-08-13,2024
Cádiz,Alavés,1.0,0.0,2023-08-14,2024
Cádiz,Alavés,1.0,0.0,2023-08-14,2024
Atlético Madrid,Granada,3.0,1.0,2023-08-14,2024
Atlético Madrid,Granada,3.0,1.0,2023-08-14,2024
Valencia,Las Palmas,1.0,0.0,2023-08-18,2024
Osasuna,Athletic Club,0.0,2.0,2023-08-19,2024
Real Sociedad,Celta Vigo,1.0,1.0,2023-08-19,2024
Almería,Real Madrid,1.0,3.0,2023-08-19,2024
Almería,Real Madrid,1.0,3.0,2023-08-19,2024
Betis,Atlético Madrid,0.0,0.0,2023-08-20,2024
Barcelona,Cádiz,2.0,0.0,2023-08-20,2024
Girona,Getafe,3.0,0.0,2023-08-20,2024
Betis,Atlético Madrid,0.0,0.0,2023-08-20,2024
Barcelona,Cádiz,2.0,0.0,2023-08-20,2024
Granada,Rayo Vallecano,0.0,2.0,2023-08-21,2024
Alavés,Sevilla,4.0,3.0,2023-08-21,2024
Alavés,Sevilla,4.0,3.0,2023-08-21,2024
Celta Vigo,Real Madrid,0.0,1.0,2023-08-25,2024
Las Palmas,Real Sociedad,0.0,0.0,2023-08-25,2024
Sevilla,Girona,1.0,2.0,2023-08-26,2024
Cádiz,Almería,1.0,1.0,2023-08-26,2024
Granada,Mallorca,3.0,2.0,2023-08-26,2024
Cádiz,Almería,1.0,1.0,2023-08-26,2024
Valencia,Osasuna,1.0,2.0,2023-08-27,2024
Athletic Club,Betis,4.0,2.0,2023-08-27,2024
Athletic Club,Betis,4.0,2.0,2023-08-27,2024
Getafe,Alavés,1.0,0.0,2023-08-28,2024
Rayo Vallecano,Atlético Madrid,0.0,7.0,2023-08-28,2024
Rayo Vallecano,Atlético Madrid,0.0,7.0,2023-08-28,2024
Getafe,Alavés,1.0,0.0,2023-08-28,2024
Almería,Celta Vigo,2.0,3.0,2023-09-01,2024
Almería,Celta Vigo,2.0,3.0,2023-09-01,2024
Real Sociedad,Granada,5.0,3.0,2023-09-02,2024
Alavés,Valencia,1.0,0.0,2023-09-02,2024
Alavés,Valencia,1.0,0.0,2023-09-02,2024
Real Madrid,Getafe,2.0,1.0,2023-09-02,2024
Betis,Rayo Vallecano,1.0,0.0,2023-09-02,2024
Betis,Rayo Vallecano,1.0,0.0,2023-09-02,2024
Osasuna,Barcelona,1.0,2.0,2023-09-03,2024
Girona,Las Palmas,1.0,0.0,2023-09-03,2024
Mallorca,Athletic Club,0.0,0.0,2023-09-03,2024
Rayo Vallecano,Alavés,2.0,0.0,2023-09-15,2024
Rayo Vallecano,Alavés,2.0,0.0,2023-09-15,2024
Valencia,Atlético Madrid,3.0,0.0,2023-09-16,2024
Barcelona,Betis,5.0,0.0,2023-09-16,2024
Barcelona,Betis,5.0,0.0,2023-09-16,2024
Celta Vigo,Mallorca,0.0,1.0,2023-09-16,2024
Athletic Club,Cádiz,3.0,0.0,2023-09-16,2024
Athletic Club,Cádiz,3.0,0.0,2023-09-16,2024
Valencia,Atlético Madrid,3.0,0.0,2023-09-16,2024
Sevilla,Las Palmas,1.0,0.0,2023-09-17,2024
Real Madrid,Real Sociedad,2.0,1.0,2023-09-17,2024
Getafe,Osasuna,3.0,2.0,2023-09-17,2024
Granada,Girona,2.0,4.0,2023-09-18,2024
Alavés,Athletic Club,0.0,2.0,2023-09-22,2024
Alavés,Athletic Club,0.0,2.0,2023-09-22,2024
Girona,Mallorca,5.0,3.0,2023-09-23,2024
Osasuna,Sevilla,0.0,0.0,2023-09-23,2024
Almería,Valencia,2.0,2.0,2023-09-23,2024
Almería,Valencia,2.0,2.0,2023-09-23,2024
Barcelona,Celta Vigo,3.0,2.0,2023-09-23,2024
Las Palmas,Granada,1.0,0.0,2023-09-24,2024
Atlético Madrid,Real Madrid,3.0,1.0,2023-09-24,2024
Real Sociedad,Getafe,4.0,3.0,2023-09-24,2024
Betis,Cádiz,1.0,1.0,2023-09-24,2024
Betis,Cádiz,1.0,1.0,2023-09-24,2024
Atlético Madrid,Real Madrid,3.0,1.0,2023-09-24,2024
Mallorca,Barcelona,2.0,2.0,2023-09-26,2024
Sevilla,Almería,5.0,1.0,2023-09-26,2024
Sevilla,Almería,5.0,1.0,2023-09-26,2024
Real Madrid,Las Palmas,2.0,0.0,2023-09-27,2024
Athletic Club,Getafe,2.0,2.0,2023-09-27,2024
Valencia,Real Sociedad,0.0,1.0,2023-09-27,2024
Cádiz,Rayo Vallecano,0.0,0.0,2023-09-27,2024
Cádiz,Rayo Vallecano,0.0,0.0,2023-09-27,2024
Celta Vigo,Alavés,1.0,1.0,2023-09-28,2024
Celta Vigo,Alavés,1.0,1.0,2023-09-28,2024
Osasuna,Atlético Madrid,0.0,2.0,2023-09-28,2024
Osasuna,Atlético Madrid,0.0,2.0,2023-09-28,2024
Granada,Betis,1.0,1.0,2023-09-28,2024
Granada,Betis,1.0,1.0,2023-09-28,2024
Barcelona,Sevilla,1.0,0.0,2023-09-29,2024
Rayo Vallecano,Mallorca,2.0,2.0,2023-09-30,2024
Real Sociedad,Athletic Club,3.0,0.0,2023-09-30,2024
Girona,Real Madrid,0.0,3.0,2023-09-30,2024
Almería,Granada,3.0,3.0,2023-10-01,2024
Atlético Madrid,Cádiz,3.0,2.0,2023-10-01,2024
Almería,Granada,3.0,3.0,2023-10-01,2024
Betis,Valencia,3.0,0.0,2023-10-01,2024
Alavés,Osasuna,0.0,2.0,2023-10-01,2024
Alavés,Osasuna,0.0,2.0,2023-10-01,2024
Betis,Valencia,3.0,0.0,2023-10-01,2024
Atlético Madrid,Cádiz,3.0,2.0,2023-10-01,2024
Las Palmas,Celta Vigo,2.0,1.0,2023-10-02,2024
Athletic Club,Almería,3.0,0.0,2023-10-06,2024
Athletic Club,Almería,3.0,0.0,2023-10-06,2024
Cádiz,Girona,0.0,1.0,2023-10-07,2024
Sevilla,Rayo Vallecano,2.0,2.0,2023-10-07,2024
Mallorca,Valencia,1.0,1.0,2023-10-07,2024
Cádiz,Girona,0.0,1.0,2023-10-07,2024
Real Madrid,Osasuna,4.0,0.0,2023-10-07,2024
Atlético Madrid,Real Sociedad,2.0,1.0,2023-10-08,2024
Alavés,Betis,1.0,1.0,2023-10-08,2024
Celta Vigo,Getafe,2.0,2.0,2023-10-08,2024
Atlético Madrid,Real Sociedad,2.0,1.0,2023-10-08,2024
Alavés,Betis,1.0,1.0,2023-10-08,2024
Granada,Barcelona,2.0,2.0,2023-10-08,2024
Osasuna,Granada,2.0,0.0,2023-10-20,2024
Sevilla,Real Madrid,1.0,1.0,2023-10-21,2024
Real Sociedad,Mallorca,1.0,0.0,2023-10-21,2024
Getafe,Betis,1.0,1.0,2023-10-21,2024
Celta Vigo,Atlético Madrid,0.0,3.0,2023-10-21,2024
Getafe,Betis,1.0,1.0,2023-10-21,2024
Celta Vigo,Atlético Madrid,0.0,3.0,2023-10-21,2024
Barcelona,Athletic Club,1.0,0.0,2023-10-22,2024
Las Palmas,Rayo Vallecano,0.0,1.0,2023-10-22,2024
Girona,Almería,5.0,2.0,2023-10-22,2024
Girona,Almería,5.0,2.0,2023-10-22,2024
Valencia,Cádiz,2.0,0.0,2023-10-23,2024
Valencia,Cádiz,2.0,0.0,2023-10-23,2024
Girona,Celta Vigo,1.0,0.0,2023-10-27,2024
Almería,Las Palmas,1.0,2.0,2023-10-28,2024
Mallorca,Getafe,0.0,0.0,2023-10-28,2024
Barcelona,Real Madrid,1.0,2.0,2023-10-28,2024
Cádiz,Sevilla,2.0,2.0,2023-10-28,2024
Almería,Las Palmas,1.0,2.0,2023-10-28,2024
Cádiz,Sevilla,2.0,2.0,2023-10-28,2024
Atlético Madrid,Alavés,2.0,1.0,2023-10-29,2024
Betis,Osasuna,2.0,1.0,2023-10-29,2024
Betis,Osasuna,2.0,1.0,2023-10-29,2024
Atlético Madrid,Alavés,2.0,1.0,2023-10-29,2024
Rayo Vallecano,Real Sociedad,2.0,2.0,2023-10-29,2024
Athletic Club,Valencia,2.0,2.0,2023-10-29,2024
Las Palmas,Atlético Madrid,2.0,1.0,2023-11-03,2024
Las Palmas,Atlético Madrid,2.0,1.0,2023-11-03,2024
Betis,Mallorca,2.0,0.0,2023-11-04,2024
Osasuna,Girona,2.0,4.0,2023-11-04,2024
Betis,Mallorca,2.0,0.0,2023-11-04,2024
Celta Vigo,Sevilla,1.0,1.0,2023-11-04,2024
Real Sociedad,Barcelona,0.0,1.0,2023-11-04,2024
Real Madrid,Rayo Vallecano,0.0,0.0,2023-11-05,2024
Valencia,Granada,1.0,0.0,2023-11-05,2024
Alavés,Almería,1.0,0.0,2023-11-05,2024
Alavés,Almería,1.0,0.0,2023-11-05,2024
Getafe,Cádiz,1.0,0.0,2023-11-06,2024
Getafe,Cádiz,1.0,0.0,2023-11-06,2024
Athletic Club,Celta Vigo,4.0,3.0,2023-11-10,2024
Granada,Getafe,1.0,1.0,2023-11-11,2024
Real Madrid,Valencia,5.0,1.0,2023-11-11,2024
Osasuna,Las Palmas,1.0,1.0,2023-11-11,2024
Rayo Vallecano,Girona,1.0,2.0,2023-11-11,2024
Almería,Real Sociedad,1.0,3.0,2023-11-11,2024
Almería,Real Sociedad,1.0,3.0,2023-11-11,2024
Barcelona,Alavés,2.0,1.0,2023-11-12,2024
Sevilla,Betis,1.0,1.0,2023-11-12,2024
Sevilla,Betis,1.0,1.0,2023-11-12,2024
Barcelona,Alavés,2.0,1.0,2023-11-12,2024
Alavés,Granada,3.0,1.0,2023-11-24,2024
Alavés,Granada,3.0,1.0,2023-11-24,2024
Rayo Vallecano,Barcelona,1.0,1.0,2023-11-25,2024
Getafe,Almería,2.0,1.0,2023-11-25,2024
Atlético Madrid,Mallorca,1.0,0.0,2023-11-25,2024
Getafe,Almería,2.0,1.0,2023-11-25,2024
Valencia,Celta Vigo,0.0,0.0,2023-11-25,2024
Atlético Madrid,Mallorca,1.0,0.0,2023-11-25,2024
Cádiz,Real Madrid,0.0,3.0,2023-11-26,2024
Real Sociedad,Sevilla,2.0,1.0,2023-11-26,2024
Cádiz,Real Madrid,0.0,3.0,2023-11-26,2024
Betis,Las Palmas,1.0,0.0,2023-11-26,2024
Betis,Las Palmas,1.0,0.0,2023-11-26,2024
Girona,Athletic Club,1.0,1.0,2023-11-27,2024
Mallorca,Cádiz,1.0,1.0,2023-11-29,2024
Mallorca,Cádiz,1.0,1.0,2023-11-29,2024
Las Palmas,Getafe,2.0,0.0,2023-12-01,2024
Real Madrid,Granada,2.0,0.0,2023-12-02,2024
Girona,Valencia,2.0,1.0,2023-12-02,2024
Athletic Club,Rayo Vallecano,4.0,0.0,2023-12-02,2024
Osasuna,Real Sociedad,1.0,1.0,2023-12-02,2024
Mallorca,Alavés,0.0,0.0,2023-12-03,2024
Almería,Betis,0.0,0.0,2023-12-03,2024
Almería,Betis,0.0,0.0,2023-12-03,2024
Barcelona,Atlético Madrid,1.0,0.0,2023-12-03,2024
Barcelona,Atlético Madrid,1.0,0.0,2023-12-03,2024
Mallorca,Alavés,0.0,0.0,2023-12-03,2024
Celta Vigo,Cádiz,1.0,1.0,2023-12-04,2024
Celta Vigo,Cádiz,1.0,1.0,2023-12-04,2024
Getafe,Valencia,1.0,0.0,2023-12-08,2024
Betis,Real Madrid,1.0,1.0,2023-12-09,2024
Alavés,Las Palmas,0.0,1.0,2023-12-09,2024
Mallorca,Sevilla,1.0,0.0,2023-12-09,2024
Alavés,Las Palmas,0.0,1.0,2023-12-09,2024
Betis,Real Madrid,1.0,1.0,2023-12-09,2024
Atlético Madrid,Almería,2.0,1.0,2023-12-10,2024
Atlético Madrid,Almería,2.0,1.0,2023-12-10,2024
Barcelona,Girona,2.0,4.0,2023-12-10,2024
Cádiz,Osasuna,1.0,1.0,2023-12-10,2024
Cádiz,Osasuna,1.0,1.0,2023-12-10,2024
Granada,Athletic Club,1.0,1.0,2023-12-11,2024
Rayo Vallecano,Celta Vigo,0.0,0.0,2023-12-11,2024
Osasuna,Rayo Vallecano,1.0,0.0,2023-12-15,2024
Celta Vigo,Granada,1.0,0.0,2023-12-16,2024
Sevilla,Getafe,0.0,3.0,2023-12-16,2024
Athletic Club,Atlético Madrid,2.0,0.0,2023-12-16,2024
Valencia,Barcelona,1.0,1.0,2023-12-16,2024
Athletic Club,Atlético Madrid,2.0,0.0,2023-12-16,2024
Las Palmas,Cádiz,1.0,1.0,2023-12-17,2024
Almería,Mallorca,0.0,0.0,2023-12-17,2024
Real Sociedad,Betis,0.0,0.0,2023-12-17,2024
Almería,Mallorca,0.0,0.0,2023-12-17,2024
Real Sociedad,Betis,0.0,0.0,2023-12-17,2024
Las Palmas,Cádiz,1.0,1.0,2023-12-17,2024
Girona,Alavés,3.0,0.0,2023-12-18,2024
Girona,Alavés,3.0,0.0,2023-12-18,2024
Granada,Sevilla,0.0,3.0,2023-12-19,2024
Rayo Vallecano,Valencia,0.0,1.0,2023-12-19,2024
Atlético Madrid,Getafe,3.0,3.0,2023-12-19,2024
Atlético Madrid,Getafe,3.0,3.0,2023-12-19,2024
Barcelona,Almería,3.0,2.0,2023-12-20,2024
Athletic Club,Las Palmas,1.0,0.0,2023-12-20,2024
Barcelona,Almería,3.0,2.0,2023-12-20,2024
Betis,Girona,1.0,1.0,2023-12-21,2024
Cádiz,Real Sociedad,0.0,0.0,2023-12-21,2024
Mallorca,Osasuna,3.0,2.0,2023-12-21,2024
Cádiz,Real Sociedad,0.0,0.0,2023-12-21,2024
Alavés,Real Madrid,0.0,1.0,2023-12-21,2024
Betis,Girona,1.0,1.0,2023-12-21,2024
Alavés,Real Madrid,0.0,1.0,2023-12-21,2024
Atlético Madrid,Sevilla,1.0,0.0,2023-12-23,2024
Atlético Madrid,Sevilla,1.0,0.0,2023-12-23,2024
Getafe,Rayo Vallecano,0.0,2.0,2024-01-02,2024
Real Sociedad,Alavés,1.0,1.0,2024-01-02,2024
Real Sociedad,Alavés,1.0,1.0,2024-01-02,2024
Real Madrid,Mallorca,1.0,0.0,2024-01-03,2024
Celta Vigo,Betis,2.0,1.0,2024-01-03,2024
Girona,Atlético Madrid,4.0,3.0,2024-01-03,2024
Granada,Cádiz,2.0,0.0,2024-01-03,2024
Girona,Atlético Madrid,4.0,3.0,2024-01-03,2024
Granada,Cádiz,2.0,0.0,2024-01-03,2024
Celta Vigo,Betis,2.0,1.0,2024-01-03,2024
Osasuna,Almería,1.0,0.0,2024-01-04,2024
Osasuna,Almería,1.0,0.0,2024-01-04,2024
Sevilla,Athletic Club,0.0,2.0,2024-01-04,2024
Las Palmas,Barcelona,1.0,2.0,2024-01-04,2024
Sevilla,Alavés,2.0,3.0,2024-01-12,2024
Sevilla,Alavés,2.0,3.0,2024-01-12,2024
Athletic Club,Real Sociedad,2.0,1.0,2024-01-13,2024
Betis,Granada,1.0,0.0,2024-01-13,2024
Betis,Granada,1.0,0.0,2024-01-13,2024
Mallorca,Celta Vigo,1.0,1.0,2024-01-13,2024
Almería,Girona,0.0,0.0,2024-01-14,2024
Almería,Girona,0.0,0.0,2024-01-14,2024
Cádiz,Valencia,1.0,4.0,2024-01-14,2024
Cádiz,Valencia,1.0,4.0,2024-01-14,2024
Alavés,Cádiz,1.0,0.0,2024-01-19,2024
Alavés,Cádiz,1.0,0.0,2024-01-19,2024
Valencia,Athletic Club,1.0,0.0,2024-01-20,2024
Celta Vigo,Real Sociedad,0.0,1.0,2024-01-20,2024
Rayo Vallecano,Las Palmas,0.0,2.0,2024-01-20,2024
Girona,Sevilla,5.0,1.0,2024-01-21,2024
Real Madrid,Almería,3.0,2.0,2024-01-21,2024
Osasuna,Getafe,3.0,2.0,2024-01-21,2024
Real Madrid,Almería,3.0,2.0,2024-01-21,2024
Betis,Barcelona,2.0,4.0,2024-01-21,2024
Betis,Barcelona,2.0,4.0,2024-01-21,2024
Granada,Atlético Madrid,0.0,1.0,2024-01-22,2024
Granada,Atlético Madrid,0.0,1.0,2024-01-22,2024
Almería,Alavés,0.0,3.0,2024-01-26,2024
Almería,Alavés,0.0,3.0,2024-01-26,2024
Mallorca,Betis,0.0,1.0,2024-01-27,2024
Mallorca,Betis,0.0,1.0,2024-01-27,2024
Real Sociedad,Rayo Vallecano,0.0,0.0,2024-01-27,2024
Las Palmas,Real Madrid,1.0,2.0,2024-01-27,2024
Atlético Madrid,Valencia,2.0,0.0,2024-01-28,2024
Atlético Madrid,Valencia,2.0,0.0,2024-01-28,2024
Sevilla,Osasuna,1.0,1.0,2024-01-28,2024
Celta Vigo,Girona,0.0,1.0,2024-01-28,2024
Cádiz,Athletic Club,0.0,0.0,2024-01-28,2024
Cádiz,Athletic Club,0.0,0.0,2024-01-28,2024
Getafe,Granada,2.0,0.0,2024-01-29,2024
Atlético Madrid,Rayo Vallecano,2.0,1.0,2024-01-31,2024
Barcelona,Osasuna,1.0,0.0,2024-01-31,2024
Atlético Madrid,Rayo Vallecano,2.0,1.0,2024-01-31,2024
Getafe,Real Madrid,0.0,2.0,2024-02-01,2024
Athletic Club,Mallorca,4.0,0.0,2024-02-02,2024
Girona,Real Sociedad,0.0,0.0,2024-02-03,2024
Alavés,Barcelona,1.0,3.0,2024-02-03,2024
Granada,Las Palmas,1.0,1.0,2024-02-03,2024
Alavés,Barcelona,1.0,3.0,2024-02-03,2024
Valencia,Almería,2.0,1.0,2024-02-03,2024
Valencia,Almería,2.0,1.0,2024-02-03,2024
Real Madrid,Atlético Madrid,1.0,1.0,2024-02-04,2024
Betis,Getafe,1.0,1.0,2024-02-04,2024
Osasuna,Celta Vigo,0.0,3.0,2024-02-04,2024
Real Madrid,Atlético Madrid,1.0,1.0,2024-02-04,2024
Betis,Getafe,1.0,1.0,2024-02-04,2024
Rayo Vallecano,Sevilla,1.0,2.0,2024-02-05,2024
Cádiz,Betis,0.0,2.0,2024-02-09,2024
Cádiz,Betis,0.0,2.0,2024-02-09,2024
Las Palmas,Valencia,2.0,0.0,2024-02-10,2024
Real Madrid,Girona,4.0,0.0,2024-02-10,2024
Real Sociedad,Osasuna,0.0,1.0,2024-02-10,2024
Mallorca,Rayo Vallecano,2.0,1.0,2024-02-11,2024
Getafe,Celta Vigo,3.0,2.0,2024-02-11,2024
Sevilla,Atlético Madrid,1.0,0.0,2024-02-11,2024
Barcelona,Granada,3.0,3.0,2024-02-11,2024
Sevilla,Atlético Madrid,1.0,0.0,2024-02-11,2024
Almería,Athletic Club,0.0,0.0,2024-02-12,2024
Almería,Athletic Club,0.0,0.0,2024-02-12,2024
Atlético Madrid,Las Palmas,5.0,0.0,2024-02-17,2024
Celta Vigo,Barcelona,1.0,2.0,2024-02-17,2024
Osasuna,Cádiz,2.0,0.0,2024-02-17,2024
Osasuna,Cádiz,2.0,0.0,2024-02-17,2024
Valencia,Sevilla,0.0,0.0,2024-02-17,2024
Atlético Madrid,Las Palmas,5.0,0.0,2024-02-17,2024
Rayo Vallecano,Real Madrid,1.0,1.0,2024-02-18,2024
Betis,Alavés,0.0,0.0,2024-02-18,2024
Mallorca,Real Sociedad,1.0,2.0,2024-02-18,2024
Granada,Almería,1.0,1.0,2024-02-18,2024
Betis,Alavés,0.0,0.0,2024-02-18,2024
Granada,Almería,1.0,1.0,2024-02-18,2024
Athletic Club,Girona,3.0,2.0,2024-02-19,2024
Almería,Atlético Madrid,2.0,2.0,2024-02-24,2024
Barcelona,Getafe,4.0,0.0,2024-02-24,2024
Alavés,Mallorca,1.0,1.0,2024-02-24,2024
Alavés,Mallorca,1.0,1.0,2024-02-24,2024
Almería,Atlético Madrid,2.0,2.0,2024-02-24,2024
Real Madrid,Sevilla,1.0,0.0,2024-02-25,2024
Betis,Athletic Club,3.0,1.0,2024-02-25,2024
Cádiz,Celta Vigo,2.0,2.0,2024-02-25,2024
Betis,Athletic Club,3.0,1.0,2024-02-25,2024
Cádiz,Celta Vigo,2.0,2.0,2024-02-25,2024
Las Palmas,Osasuna,1.0,1.0,2024-02-25,2024
Girona,Rayo Vallecano,3.0,0.0,2024-02-26,2024
Celta Vigo,Almería,1.0,0.0,2024-03-01,2024
Celta Vigo,Almería,1.0,0.0,2024-03-01,2024
Valencia,Real Madrid,2.0,2.0,2024-03-02,2024
Sevilla,Real Sociedad,3.0,2.0,2024-03-02,2024
Rayo Vallecano,Cádiz,1.0,1.0,2024-03-02,2024
Getafe,Las Palmas,3.0,3.0,2024-03-02,2024
Rayo Vallecano,Cádiz,1.0,1.0,2024-03-02,2024
Athletic Club,Barcelona,0.0,0.0,2024-03-03,2024
Mallorca,Girona,1.0,0.0,2024-03-03,2024
Atlético Madrid,Betis,2.0,1.0,2024-03-03,2024
Atlético Madrid,Betis,2.0,1.0,2024-03-03,2024
Osasuna,Alavés,1.0,0.0,2024-03-04,2024
Osasuna,Alavés,1.0,0.0,2024-03-04,2024
Barcelona,Mallorca,1.0,0.0,2024-03-08,2024
Cádiz,Atlético Madrid,2.0,0.0,2024-03-09,2024
Granada,Real Sociedad,2.0,3.0,2024-03-09,2024
Valencia,Getafe,1.0,0.0,2024-03-09,2024
Girona,Osasuna,2.0,0.0,2024-03-09,2024
Cádiz,Atlético Madrid,2.0,0.0,2024-03-09,2024
Alavés,Rayo Vallecano,1.0,0.0,2024-03-10,2024
Las Palmas,Athletic Club,0.0,2.0,2024-03-10,2024
Real Madrid,Celta Vigo,4.0,0.0,2024-03-10,2024
Alavés,Rayo Vallecano,1.0,0.0,2024-03-10,2024
Almería,Sevilla,2.0,2.0,2024-03-11,2024
Almería,Sevilla,2.0,2.0,2024-03-11,2024
Real Sociedad,Cádiz,2.0,0.0,2024-03-15,2024
Real Sociedad,Cádiz,2.0,0.0,2024-03-15,2024
Athletic Club,Alavés,2.0,0.0,2024-03-16,2024
Mallorca,Granada,1.0,0.0,2024-03-16,2024
Getafe,Girona,1.0,0.0,2024-03-16,2024
Athletic Club,Alavés,2.0,0.0,2024-03-16,2024
Osasuna,Real Madrid,2.0,4.0,2024-03-16,2024
Atlético Madrid,Barcelona,0.0,3.0,2024-03-17,2024
Las Palmas,Almería,0.0,1.0,2024-03-17,2024
Sevilla,Celta Vigo,1.0,2.0,2024-03-17,2024
Las Palmas,Almería,0.0,1.0,2024-03-17,2024
Rayo Vallecano,Betis,2.0,0.0,2024-03-17,2024
Rayo Vallecano,Betis,2.0,0.0,2024-03-17,2024
Atlético Madrid,Barcelona,0.0,3.0,2024-03-17,2024
Cádiz,Granada,1.0,0.0,2024-03-29,2024
Cádiz,Granada,1.0,0.0,2024-03-29,2024
Barcelona,Las Palmas,1.0,0.0,2024-03-30,2024
Getafe,Sevilla,0.0,1.0,2024-03-30,2024
Almería,Osasuna,0.0,3.0,2024-03-30,2024
Almería,Osasuna,0.0,3.0,2024-03-30,2024
Valencia,Mallorca,0.0,0.0,2024-03-30,2024
Alavés,Real Sociedad,0.0,1.0,2024-03-31,2024
Celta Vigo,Rayo Vallecano,0.0,0.0,2024-03-31,2024
Girona,Betis,3.0,2.0,2024-03-31,2024
Real Madrid,Athletic Club,2.0,0.0,2024-03-31,2024
Alavés,Real Sociedad,0.0,1.0,2024-03-31,2024
Girona,Betis,3.0,2.0,2024-03-31,2024
Granada,Valencia,0.0,1.0,2024-04-04,2024
Betis,Celta Vigo,2.0,1.0,2024-04-12,2024
Betis,Celta Vigo,2.0,1.0,2024-04-12,2024
Mallorca,Real Madrid,0.0,1.0,2024-04-13,2024
Atlético Madrid,Girona,3.0,1.0,2024-04-13,2024
Rayo Vallecano,Getafe,0.0,0.0,2024-04-13,2024
Atlético Madrid,Girona,3.0,1.0,2024-04-13,2024
Cádiz,Barcelona,0.0,1.0,2024-04-13,2024
Cádiz,Barcelona,0.0,1.0,2024-04-13,2024
Granada,Alavés,2.0,0.0,2024-04-14,2024
Granada,Alavés,2.0,0.0,2024-04-14,2024
Real Sociedad,Almería,2.0,2.0,2024-04-14,2024
Real Sociedad,Almería,2.0,2.0,2024-04-14,2024
Las Palmas,Sevilla,0.0,2.0,2024-04-14,2024
Osasuna,Valencia,0.0,1.0,2024-04-15,2024
Athletic Club,Granada,1.0,1.0,2024-04-19,2024
Celta Vigo,Las Palmas,4.0,1.0,2024-04-20,2024
Valencia,Betis,1.0,2.0,2024-04-20,2024
Valencia,Betis,1.0,2.0,2024-04-20,2024
Rayo Vallecano,Osasuna,2.0,1.0,2024-04-20,2024
Girona,Cádiz,4.0,1.0,2024-04-20,2024
Girona,Cádiz,4.0,1.0,2024-04-20,2024
Real Madrid,Barcelona,3.0,2.0,2024-04-21,2024
Alavés,Atlético Madrid,2.0,0.0,2024-04-21,2024
Getafe,Real Sociedad,1.0,1.0,2024-04-21,2024
Alavés,Atlético Madrid,2.0,0.0,2024-04-21,2024
Sevilla,Mallorca,2.0,1.0,2024-04-22,2024
Real Sociedad,Real Madrid,0.0,1.0,2024-04-26,2024
Alavés,Celta Vigo,3.0,0.0,2024-04-27,2024
Alavés,Celta Vigo,3.0,0.0,2024-04-27,2024
Almería,Getafe,1.0,3.0,2024-04-27,2024
Almería,Getafe,1.0,3.0,2024-04-27,2024
Atlético Madrid,Athletic Club,3.0,1.0,2024-04-27,2024
Atlético Madrid,Athletic Club,3.0,1.0,2024-04-27,2024
Las Palmas,Girona,0.0,2.0,2024-04-27,2024
Granada,Osasuna,3.0,0.0,2024-04-28,2024
Cádiz,Mallorca,1.0,1.0,2024-04-28,2024
Betis,Sevilla,1.0,1.0,2024-04-28,2024
Cádiz,Mallorca,1.0,1.0,2024-04-28,2024
Betis,Sevilla,1.0,1.0,2024-04-28,2024
Barcelona,Valencia,4.0,2.0,2024-04-29,2024
Getafe,Athletic Club,0.0,2.0,2024-05-03,2024
Girona,Barcelona,4.0,2.0,2024-05-04,2024
Mallorca,Atlético Madrid,0.0,1.0,2024-05-04,2024
Real Madrid,Cádiz,3.0,0.0,2024-05-04,2024
Real Sociedad,Las Palmas,2.0,0.0,2024-05-04,2024
Real Madrid,Cádiz,3.0,0.0,2024-05-04,2024
Mallorca,Atlético Madrid,0.0,1.0,2024-05-04,2024
Valencia,Alavés,0.0,1.0,2024-05-05,2024
Sevilla,Granada,3.0,0.0,2024-05-05,2024
Rayo Vallecano,Almería,0.0,1.0,2024-05-05,2024
Osasuna,Betis,0.0,2.0,2024-05-05,2024
Osasuna,Betis,0.0,2.0,2024-05-05,2024
Valencia,Alavés,0.0,1.0,2024-05-05,2024
Rayo Vallecano,Almería,0.0,1.0,2024-05-05,2024
Alavés,Girona,2.0,2.0,2024-05-10,2024
Alavés,Girona,2.0,2.0,2024-05-10,2024
Athletic Club,Osasuna,2.0,2.0,2024-05-11,2024
Granada,Real Madrid,0.0,4.0,2024-05-11,2024
Mallorca,Las Palmas,1.0,0.0,2024-05-11,2024
Atlético Madrid,Celta Vigo,1.0,0.0,2024-05-12,2024
Atlético Madrid,Celta Vigo,1.0,0.0,2024-05-12,2024
Cádiz,Getafe,1.0,0.0,2024-05-12,2024
Betis,Almería,3.0,2.0,2024-05-12,2024
Valencia,Rayo Vallecano,0.0,0.0,2024-05-12,2024
Cádiz,Getafe,1.0,0.0,2024-05-12,2024
Betis,Almería,3.0,2.0,2024-05-12,2024
Barcelona,Real Sociedad,2.0,0.0,2024-05-13,2024
Osasuna,Mallorca,1.0,1.0,2024-05-14,2024
Real Madrid,Alavés,5.0,0.0,2024-05-14,2024
Real Madrid,Alavés,5.0,0.0,2024-05-14,2024
Getafe,Atlético Madrid,0.0,3.0,2024-05-15,2024
Celta Vigo,Athletic Club,2.0,1.0,2024-05-15,2024
Sevilla,Cádiz,0.0,1.0,2024-05-15,2024
Rayo Vallecano,Granada,2.0,1.0,2024-05-15,2024
Sevilla,Cádiz,0.0,1.0,2024-05-15,2024
Getafe,Atlético Madrid,0.0,3.0,2024-05-15,2024
Almería,Barcelona,0.0,2.0,2024-05-16,2024
Real Sociedad,Valencia,1.0,0.0,2024-05-16,2024
Las Palmas,Betis,2.0,2.0,2024-05-16,2024
Las Palmas,Betis,2.0,2.0,2024-05-16,2024
Almería,Barcelona,0.0,2.0,2024-05-16,2024
Alavés,Getafe,1.0,0.0,2024-05-18,2024
Alavés,Getafe,1.0,0.0,2024-05-18,2024
Atlético Madrid,Osasuna,1.0,4.0,2024-05-19,2024
Barcelona,Rayo Vallecano,3.0,0.0,2024-05-19,2024
Atlético Madrid,Osasuna,1.0,4.0,2024-05-19,2024
Athletic Club,Sevilla,2.0,0.0,2024-05-19,2024
Mallorca,Almería,2.0,2.0,2024-05-19,2024
Betis,Real Sociedad,0.0,2.0,2024-05-19,2024
Betis,Real Sociedad,0.0,2.0,2024-05-19,2024
Valencia,Girona,1.0,3.0,2024-05-19,2024
Cádiz,Las Palmas,0.0,0.0,2024-05-19,2024
Granada,Celta Vigo,1.0,2.0,2024-05-19,2024
Cádiz,Las Palmas,0.0,0.0,2024-05-19,2024
Mallorca,Almería,2.0,2.0,2024-05-19,2024
Girona,Granada,7.0,0.0,2024-05-24,2024
Real Sociedad,Atlético Madrid,0.0,2.0,2024-05-25,2024
Rayo Vallecano,Athletic Club,0.0,1.0,2024-05-25,2024
Almería,Cádiz,6.0,1.0,2024-05-25,2024
Real Sociedad,Atlético Madrid,0.0,2.0,2024-05-25,2024
Almería,Cádiz,6.0,1.0,2024-05-25,2024
Real Madrid,Betis,0.0,0.0,2024-05-25,2024
Real Madrid,Betis,0.0,0.0,2024-05-25,2024
Getafe,Mallorca,1.0,2.0,2024-05-26,2024
Sevilla,Barcelona,1.0,2.0,2024-05-26,2024
Celta Vigo,Valencia,2.0,2.0,2024-05-26,2024
Las Palmas,Alavés,1.0,1.0,2024-05-26,2024
Las Palmas,Alavés,1.0,1.0,2024-05-26,2024
Betis,Girona,1.0,1.0,2024-08-15,2025
Athletic Club,Getafe,1.0,1.0,2024-08-15,2025
Betis,Girona,1.0,1.0,2024-08-15,2025
Las Palmas,Sevilla,2.0,2.0,2024-08-16,2025
Celta Vigo,Alavés,2.0,1.0,2024-08-16,2025
Celta Vigo,Alavés,2.0,1.0,2024-08-16,2025
Valencia,Barcelona,1.0,2.0,2024-08-17,2025
Real Sociedad,Rayo Vallecano,1.0,2.0,2024-08-18,2025
Mallorca,Real Madrid,1.0,1.0,2024-08-18,2025
Celta Vigo,Valencia,3.0,1.0,2024-08-23,2025
Barcelona,Athletic Club,2.0,1.0,2024-08-24,2025
Getafe,Rayo Vallecano,0.0,0.0,2024-08-24,2025
Osasuna,Mallorca,1.0,0.0,2024-08-24,2025
Atlético Madrid,Girona,3.0,0.0,2024-08-25,2025
Alavés,Betis,0.0,0.0,2024-08-25,2025
Atlético Madrid,Girona,3.0,0.0,2024-08-25,2025
Alavés,Betis,0.0,0.0,2024-08-25,2025
Mallorca,Sevilla,0.0,0.0,2024-08-27,2025
Rayo Vallecano,Barcelona,1.0,2.0,2024-08-27,2025
Real Sociedad,Alavés,1.0,2.0,2024-08-28,2025
Athletic Club,Valencia,1.0,0.0,2024-08-28,2025
Real Sociedad,Alavés,1.0,2.0,2024-08-28,2025
Las Palmas,Real Madrid,1.0,1.0,2024-08-29,2025
Girona,Osasuna,4.0,0.0,2024-08-29,2025
Athletic Club,Atlético Madrid,0.0,1.0,2024-08-31,2025
Athletic Club,Atlético Madrid,0.0,1.0,2024-08-31,2025
Sevilla,Girona,0.0,2.0,2024-09-01,2025
Real Madrid,Betis,2.0,0.0,2024-09-01,2025
Alavés,Las Palmas,2.0,0.0,2024-09-01,2025
Osasuna,Celta Vigo,3.0,2.0,2024-09-01,2025
Getafe,Real Sociedad,0.0,0.0,2024-09-01,2025
Alavés,Las Palmas,2.0,0.0,2024-09-01,2025
Real Madrid,Betis,2.0,0.0,2024-09-01,2025
Sevilla,Getafe,1.0,0.0,2024-09-14,2025
Real Sociedad,Real Madrid,0.0,2.0,2024-09-14,2025
Girona,Barcelona,1.0,4.0,2024-09-15,2025
Atlético Madrid,Valencia,3.0,0.0,2024-09-15,2025
Las Palmas,Athletic Club,2.0,3.0,2024-09-15,2025
Atlético Madrid,Valencia,3.0,0.0,2024-09-15,2025
Rayo Vallecano,Osasuna,3.0,1.0,2024-09-16,2025
Mallorca,Real Sociedad,1.0,0.0,2024-09-17,2025
Betis,Getafe,2.0,1.0,2024-09-18,2025
Betis,Getafe,2.0,1.0,2024-09-18,2025
Alavés,Sevilla,2.0,1.0,2024-09-20,2025
Alavés,Sevilla,2.0,1.0,2024-09-20,2025
Osasuna,Las Palmas,2.0,1.0,2024-09-21,2025
Valencia,Girona,2.0,0.0,2024-09-21,2025
Rayo Vallecano,Atlético Madrid,1.0,1.0,2024-09-22,2025
Rayo Vallecano,Atlético Madrid,1.0,1.0,2024-09-22,2025
Athletic Club,Celta Vigo,3.0,1.0,2024-09-22,2025
Betis,Mallorca,1.0,2.0,2024-09-23,2025
Betis,Mallorca,1.0,2.0,2024-09-23,2025
Valencia,Osasuna,0.0,0.0,2024-09-24,2025
Real Madrid,Alavés,3.0,2.0,2024-09-24,2025
Real Madrid,Alavés,3.0,2.0,2024-09-24,2025
Girona,Rayo Vallecano,0.0,0.0,2024-09-25,2025
Barcelona,Getafe,1.0,0.0,2024-09-25,2025
Celta Vigo,Atlético Madrid,0.0,1.0,2024-09-26,2025
Las Palmas,Betis,1.0,1.0,2024-09-26,2025
Las Palmas,Betis,1.0,1.0,2024-09-26,2025
Celta Vigo,Atlético Madrid,0.0,1.0,2024-09-26,2025
Real Sociedad,Valencia,3.0,0.0,2024-09-28,2025
Osasuna,Barcelona,4.0,2.0,2024-09-28,2025
Getafe,Alavés,2.0,0.0,2024-09-28,2025
Getafe,Alavés,2.0,0.0,2024-09-28,2025
Atlético Madrid,Real Madrid,1.0,1.0,2024-09-29,2025
Atlético Madrid,Real Madrid,1.0,1.0,2024-09-29,2025
Celta Vigo,Girona,1.0,1.0,2024-09-29,2025
Athletic Club,Sevilla,1.0,1.0,2024-09-29,2025
Las Palmas,Celta Vigo,0.0,1.0,2024-10-05,2025
Getafe,Osasuna,1.0,1.0,2024-10-05,2025
Real Sociedad,Atlético Madrid,1.0,1.0,2024-10-06,2025
Girona,Athletic Club,2.0,1.0,2024-10-06,2025
Real Sociedad,Atlético Madrid,1.0,1.0,2024-10-06,2025
Alavés,Barcelona,0.0,3.0,2024-10-06,2025
Alavés,Barcelona,0.0,3.0,2024-10-06,2025
Sevilla,Betis,1.0,0.0,2024-10-06,2025
Sevilla,Betis,1.0,0.0,2024-10-06,2025
Girona,Real Sociedad,0.0,1.0,2024-10-19,2025
Osasuna,Betis,1.0,2.0,2024-10-19,2025
Osasuna,Betis,1.0,2.0,2024-10-19,2025
Celta Vigo,Real Madrid,1.0,2.0,2024-10-19,2025
Barcelona,Sevilla,5.0,1.0,2024-10-20,2025
Mallorca,Rayo Vallecano,1.0,0.0,2024-10-20,2025
Valencia,Las Palmas,2.0,3.0,2024-10-21,2025
Las Palmas,Girona,1.0,0.0,2024-10-26,2025
Rayo Vallecano,Alavés,1.0,0.0,2024-10-26,2025
Rayo Vallecano,Alavés,1.0,0.0,2024-10-26,2025
Real Madrid,Barcelona,0.0,4.0,2024-10-26,2025
Real Sociedad,Osasuna,0.0,2.0,2024-10-27,2025
Betis,Atlético Madrid,1.0,0.0,2024-10-27,2025
Getafe,Valencia,1.0,1.0,2024-10-27,2025
Betis,Atlético Madrid,1.0,0.0,2024-10-27,2025
Mallorca,Athletic Club,0.0,0.0,2024-10-28,2025
Alavés,Mallorca,1.0,0.0,2024-11-01,2025
Alavés,Mallorca,1.0,0.0,2024-11-01,2025
Atlético Madrid,Las Palmas,2.0,0.0,2024-11-03,2025
Athletic Club,Betis,1.0,1.0,2024-11-03,2025
Sevilla,Real Sociedad,0.0,2.0,2024-11-03,2025
Atlético Madrid,Las Palmas,2.0,0.0,2024-11-03,2025
Athletic Club,Betis,1.0,1.0,2024-11-03,2025
Celta Vigo,Getafe,1.0,0.0,2024-11-04,2025
Rayo Vallecano,Las Palmas,1.0,3.0,2024-11-08,2025
Real Madrid,Osasuna,4.0,0.0,2024-11-09,2025
Real Sociedad,Barcelona,1.0,0.0,2024-11-10,2025
Getafe,Girona,0.0,1.0,2024-11-10,2025
Betis,Celta Vigo,2.0,2.0,2024-11-10,2025
Mallorca,Atlético Madrid,0.0,1.0,2024-11-10,2025
Betis,Celta Vigo,2.0,2.0,2024-11-10,2025
Mallorca,Atlético Madrid,0.0,1.0,2024-11-10,2025
Valencia,Betis,4.0,2.0,2024-11-23,2025
Las Palmas,Mallorca,2.0,3.0,2024-11-23,2025
Atlético Madrid,Alavés,2.0,1.0,2024-11-23,2025
Celta Vigo,Barcelona,2.0,2.0,2024-11-23,2025
Valencia,Betis,4.0,2.0,2024-11-23,2025
Atlético Madrid,Alavés,2.0,1.0,2024-11-23,2025
Athletic Club,Real Sociedad,1.0,0.0,2024-11-24,2025
Sevilla,Rayo Vallecano,1.0,0.0,2024-11-24,2025
Mallorca,Valencia,2.0,1.0,2024-11-29,2025
Barcelona,Las Palmas,1.0,2.0,2024-11-30,2025
Real Sociedad,Betis,2.0,0.0,2024-12-01,2025
Real Madrid,Getafe,2.0,0.0,2024-12-01,2025
Real Sociedad,Betis,2.0,0.0,2024-12-01,2025
Rayo Vallecano,Athletic Club,1.0,2.0,2024-12-01,2025
Sevilla,Osasuna,1.0,1.0,2024-12-02,2025
Mallorca,Barcelona,1.0,5.0,2024-12-03,2025
Athletic Club,Real Madrid,2.0,1.0,2024-12-04,2025
Celta Vigo,Mallorca,2.0,0.0,2024-12-06,2025
Valencia,Rayo Vallecano,0.0,1.0,2024-12-07,2025
Girona,Real Madrid,0.0,3.0,2024-12-07,2025
Betis,Barcelona,2.0,2.0,2024-12-07,2025
Betis,Barcelona,2.0,2.0,2024-12-07,2025
Osasuna,Alavés,2.0,2.0,2024-12-08,2025
Atlético Madrid,Sevilla,4.0,3.0,2024-12-08,2025
Atlético Madrid,Sevilla,4.0,3.0,2024-12-08,2025
Osasuna,Alavés,2.0,2.0,2024-12-08,2025
Sevilla,Celta Vigo,1.0,0.0,2024-12-14,2025
Rayo Vallecano,Real Madrid,3.0,3.0,2024-12-14,2025
Mallorca,Girona,2.0,1.0,2024-12-14,2025
Alavés,Athletic Club,1.0,1.0,2024-12-15,2025
Real Sociedad,Las Palmas,0.0,0.0,2024-12-15,2025
Alavés,Athletic Club,1.0,1.0,2024-12-15,2025
Atlético Madrid,Getafe,1.0,0.0,2024-12-15,2025
Atlético Madrid,Getafe,1.0,0.0,2024-12-15,2025
Osasuna,Athletic Club,1.0,2.0,2024-12-21,2025
Getafe,Mallorca,0.0,1.0,2024-12-21,2025
Celta Vigo,Real Sociedad,2.0,0.0,2024-12-21,2025
Barcelona,Atlético Madrid,1.0,2.0,2024-12-21,2025
Barcelona,Atlético Madrid,1.0,2.0,2024-12-21,2025
Real Madrid,Sevilla,4.0,2.0,2024-12-22,2025
Valencia,Alavés,2.0,2.0,2024-12-22,2025
Betis,Rayo Vallecano,1.0,1.0,2024-12-22,2025
Betis,Rayo Vallecano,1.0,1.0,2024-12-22,2025
Valencia,Alavés,2.0,2.0,2024-12-22,2025
Valencia,Real Madrid,1.0,2.0,2025-01-03,2025
Rayo Vallecano,Celta Vigo,2.0,1.0,2025-01-10,2025
Sevilla,Valencia,1.0,1.0,2025-01-11,2025
Alavés,Girona,0.0,1.0,2025-01-11,2025
Alavés,Girona,0.0,1.0,2025-01-11,2025
Las Palmas,Getafe,1.0,2.0,2025-01-12,2025
Atlético Madrid,Osasuna,1.0,0.0,2025-01-12,2025
Atlético Madrid,Osasuna,1.0,0.0,2025-01-12,2025
Betis,Alavés,1.0,3.0,2025-01-18,2025
Getafe,Barcelona,1.0,1.0,2025-01-18,2025
Girona,Sevilla,1.0,2.0,2025-01-18,2025
Betis,Alavés,1.0,3.0,2025-01-18,2025
Celta Vigo,Athletic Club,1.0,2.0,2025-01-19,2025
Real Madrid,Las Palmas,4.0,1.0,2025-01-19,2025
Valencia,Real Sociedad,1.0,0.0,2025-01-19,2025
Osasuna,Rayo Vallecano,1.0,1.0,2025-01-19,2025
Las Palmas,Osasuna,1.0,1.0,2025-01-24,2025
Mallorca,Betis,0.0,1.0,2025-01-25,2025
Mallorca,Betis,0.0,1.0,2025-01-25,2025
Real Sociedad,Getafe,0.0,3.0,2025-01-26,2025
Barcelona,Valencia,7.0,1.0,2025-01-26,2025
Rayo Vallecano,Girona,2.0,1.0,2025-01-26,2025
Alavés,Celta Vigo,1.0,1.0,2025-01-27,2025
Alavés,Celta Vigo,1.0,1.0,2025-01-27,2025
Atlético Madrid,Mallorca,2.0,0.0,2025-02-01,2025
Atlético Madrid,Mallorca,2.0,0.0,2025-02-01,2025
Getafe,Sevilla,0.0,0.0,2025-02-01,2025
Osasuna,Real Sociedad,2.0,1.0,2025-02-02,2025
Valencia,Celta Vigo,2.0,1.0,2025-02-02,2025
Betis,Athletic Club,2.0,2.0,2025-02-02,2025
Betis,Athletic Club,2.0,2.0,2025-02-02,2025
Barcelona,Alavés,1.0,0.0,2025-02-02,2025
Barcelona,Alavés,1.0,0.0,2025-02-02,2025
Girona,Las Palmas,2.0,1.0,2025-02-03,2025
Athletic Club,Girona,3.0,0.0,2025-02-08,2025
Real Madrid,Atlético Madrid,1.0,1.0,2025-02-08,2025
Celta Vigo,Betis,3.0,2.0,2025-02-08,2025
Real Madrid,Atlético Madrid,1.0,1.0,2025-02-08,2025
Celta Vigo,Betis,3.0,2.0,2025-02-08,2025
Sevilla,Barcelona,1.0,4.0,2025-02-09,2025
Alavés,Getafe,0.0,1.0,2025-02-09,2025
Alavés,Getafe,0.0,1.0,2025-02-09,2025
Mallorca,Osasuna,1.0,1.0,2025-02-10,2025
Girona,Getafe,1.0,2.0,2025-02-14,2025
Osasuna,Real Madrid,1.0,1.0,2025-02-15,2025
Atlético Madrid,Celta Vigo,1.0,1.0,2025-02-15,2025
Atlético Madrid,Celta Vigo,1.0,1.0,2025-02-15,2025
Betis,Real Sociedad,3.0,0.0,2025-02-16,2025
Betis,Real Sociedad,3.0,0.0,2025-02-16,2025
Mallorca,Las Palmas,3.0,1.0,2025-02-16,2025
Barcelona,Rayo Vallecano,1.0,0.0,2025-02-17,2025
Celta Vigo,Osasuna,1.0,0.0,2025-02-21,2025
Valencia,Atlético Madrid,0.0,3.0,2025-02-22,2025
Las Palmas,Barcelona,0.0,2.0,2025-02-22,2025
Valencia,Atlético Madrid,0.0,3.0,2025-02-22,2025
Real Madrid,Girona,2.0,0.0,2025-02-23,2025
Getafe,Betis,1.0,2.0,2025-02-23,2025
Getafe,Betis,1.0,2.0,2025-02-23,2025
Sevilla,Mallorca,1.0,1.0,2025-02-24,2025
Girona,Celta Vigo,2.0,2.0,2025-03-01,2025
Betis,Real Madrid,2.0,1.0,2025-03-01,2025
Atlético Madrid,Athletic Club,1.0,0.0,2025-03-01,2025
Rayo Vallecano,Sevilla,1.0,1.0,2025-03-01,2025
Betis,Real Madrid,2.0,1.0,2025-03-01,2025
Atlético Madrid,Athletic Club,1.0,0.0,2025-03-01,2025
Barcelona,Real Sociedad,4.0,0.0,2025-03-02,2025
Mallorca,Alavés,1.0,1.0,2025-03-02,2025
Osasuna,Valencia,3.0,3.0,2025-03-02,2025
Mallorca,Alavés,1.0,1.0,2025-03-02,2025
